timestamp,user_id,ip,city,device,user_agent,action,service,status,session_id,request_id,response_time_ms,platform,country
2025-12-08T17:33:53.784527Z,Nasser691,212.138.11.194,Riyadh,iPhone 13,Mozilla/5.0 (iPhone; CPU iPhone OS 16_0 like Mac OS X) AppleWebKit/605.1.15,login,Authentication,success,342b6a31,7d496268-1491-417e-8033-bf15ac61b9b2,65,absher_app,Saudi Arabia
2025-12-08T17:33:53.785851Z,Fahad567,212.138.223.235,Riyadh,Mac,Mozilla/5.0 (Macintosh; Intel Mac OS X 10_15_7) AppleWebKit/537.36,login,Authentication,success,84eebe52,5e4cf955-d9f7-44a5-be79-5ae0e3299ee7,419,absher_web,Saudi Arabia
2025-12-08T17:33:59.785851Z,Fahad567,212.138.154.80,Riyadh,Mac,Mozilla/5.0 (Macintosh; Intel Mac OS X 10_15_7) AppleWebKit/537.36,access,View Dependents,success,84eebe52,a55a889f-18f5-498c-8879-f323a3dab03c,230,absher_web,Saudi Arabia
2025-12-08T17:34:05.784527Z,Nasser691,212.138.215.6,Riyadh,iPhone 13,Mozilla/5.0 (iPhone; CPU iPhone OS 16_0 like Mac OS X) AppleWebKit/605.1.15,access,Check Passport Status,success,342b6a31,d4aaa74e-15e8-4d14-8583-97fa022190e4,368,absher_app,Saudi Arabia
2025-12-08T17:34:22.785851Z,Fahad567,212.138.40.169,Riyadh,Mac,Mozilla/5.0 (Macintosh; Intel Mac OS X 10_15_7) AppleWebKit/537.36,access,Check Passport Status,success,84eebe52,9b0cdafb-38d1-42da-98e9-b8ed51ae8c72,296,absher_web,Saudi Arabia
2025-12-08T17:34:34.784527Z,Nasser691,212.138.33.122,Riyadh,iPhone 13,Mozilla/5.0 (iPhone; CPU iPhone OS 16_0 like Mac OS X) AppleWebKit/605.1.15,access,Check Passport Status,success,342b6a31,0563c15d-c41f-410f-857d-14d9e8794365,392,absher_app,Saudi Arabia
2025-12-08T17:34:58.784527Z,Nasser691,212.138.120.180,Riyadh,iPhone 13,Mozilla/5.0 (iPhone; CPU iPhone OS 16_0 like Mac OS X) AppleWebKit/605.1.15,access,Check Passport Status,success,342b6a31,ed2c5ea4-610c-4a64-8220-df7e04102981,181,absher_app,Saudi Arabia
2025-12-08T17:35:00.785851Z,Fahad567,212.138.90.217,Riyadh,Mac,Mozilla/5.0 (Macintosh; Intel Mac OS X 10_15_7) AppleWebKit/537.36,access,Check Traffic Violations,success,84eebe52,2f1deec2-6edf-4d53-bea3-6e5111a67ada,334,absher_web,Saudi Arabia
2025-12-08T17:35:57.785851Z,Fahad567,212.138.196.72,Riyadh,Mac,Mozilla/5.0 (Macintosh; Intel Mac OS X 10_15_7) AppleWebKit/537.36,access,Check Traffic Violations,success,84eebe52,ff665841-e8c2-442d-8e8e-fa21b729ec7e,343,absher_web,Saudi Arabia
2025-12-08T17:36:46.784527Z,Nasser691,212.138.43.156,Riyadh,iPhone 13,Mozilla/5.0 (iPhone; CPU iPhone OS 16_0 like Mac OS X) AppleWebKit/605.1.15,access,Download Certificate,success,342b6a31,94b32573-c1f1-4a7d-8f5a-a6f1fd765ef2,360,absher_app,Saudi Arabia
2025-12-08T17:38:31.784527Z,Nasser691,212.138.200.210,Riyadh,iPhone 13,Mozilla/5.0 (iPhone; CPU iPhone OS 16_0 like Mac OS X) AppleWebKit/605.1.15,access,Check Traffic Violations,success,342b6a31,9c1e5387-a895-4c9c-9e9a-91afa5859aaf,133,absher_app,Saudi Arabia
2025-12-08T17:39:20.784527Z,Nasser691,212.138.149.7,Riyadh,iPhone 13,Mozilla/5.0 (iPhone; CPU iPhone OS 16_0 like Mac OS X) AppleWebKit/605.1.15,access,Check Traffic Violations,success,342b6a31,60c9bf4a-241e-4f16-8b63-cd363df8b143,209,absher_app,Saudi Arabia
2025-12-08T18:33:53.784660Z,Majed629,188.247.126.143,Jeddah,Samsung Galaxy S23,Mozilla/5.0 (Linux; Android 13; SM-S911B) AppleWebKit/537.36,login,Authentication,success,992dec46,291bb377-3279-4891-b33f-7022cebfe7c7,438,absher_app,Saudi Arabia
2025-12-08T18:33:53.784706Z,Fahad199,94.99.251.195,Mecca,Huawei P40,Mozilla/5.0 (Linux; Android 10; ELS-NX9) AppleWebKit/537.36,login,Authentication,success,bac84b86,1180d119-eefa-41b5-9a25-0c7ece2074cd,318,absher_app,Saudi Arabia
2025-12-08T18:33:53.785173Z,Noura424,94.98.68.150,Tabuk,Mac,Mozilla/5.0 (Macintosh; Intel Mac OS X 10_15_7) AppleWebKit/537.36,login,Authentication,success,521f7358,0dbe279d-f867-4c70-8048-762177ab0392,245,absher_web,Saudi Arabia
2025-12-08T18:34:05.784660Z,Majed629,188.247.166.183,Jeddah,Samsung Galaxy S23,Mozilla/5.0 (Linux; Android 13; SM-S911B) AppleWebKit/537.36,access,View Appointments,success,992dec46,aff40171-fc88-4aea-9307-ade23ab643b4,301,absher_app,Saudi Arabia
2025-12-08T18:34:17.784706Z,Fahad199,94.99.252.26,Mecca,Huawei P40,Mozilla/5.0 (Linux; Android 10; ELS-NX9) AppleWebKit/537.36,access,View Dependents,success,bac84b86,40db3e98-0646-43ac-97bd-2c5b15e531ee,476,absher_app,Saudi Arabia
2025-12-08T18:34:18.785173Z,Noura424,94.98.28.173,Tabuk,Mac,Mozilla/5.0 (Macintosh; Intel Mac OS X 10_15_7) AppleWebKit/537.36,access,Download Certificate,success,521f7358,c2d1ef4a-7e49-4c42-a7dd-a5a3d20948d0,169,absher_web,Saudi Arabia
2025-12-08T18:34:51.784706Z,Fahad199,94.99.59.93,Mecca,Huawei P40,Mozilla/5.0 (Linux; Android 10; ELS-NX9) AppleWebKit/537.36,access,View Dependents,success,bac84b86,d288eedb-1fab-41d5-994c-e6ca229f0abc,141,absher_app,Saudi Arabia
2025-12-08T18:35:12.784660Z,Majed629,188.247.24.76,Jeddah,Samsung Galaxy S23,Mozilla/5.0 (Linux; Android 13; SM-S911B) AppleWebKit/537.36,access,View Profile,success,992dec46,3a8adca7-a656-4221-99bd-fe215e269e8e,163,absher_app,Saudi Arabia
2025-12-08T18:35:28.785173Z,Noura424,94.98.159.227,Tabuk,Mac,Mozilla/5.0 (Macintosh; Intel Mac OS X 10_15_7) AppleWebKit/537.36,access,View Profile,success,521f7358,d272cf2b-8aeb-41dc-8508-2758a4f27030,337,absher_web,Saudi Arabia
2025-12-08T18:35:39.784706Z,Fahad199,94.99.182.137,Mecca,Huawei P40,Mozilla/5.0 (Linux; Android 10; ELS-NX9) AppleWebKit/537.36,access,View Profile,success,bac84b86,4d4f1951-3bdb-4ff8-8cfb-5d2d6fb46215,114,absher_app,Saudi Arabia
2025-12-08T18:36:13.784660Z,Majed629,188.247.79.170,Jeddah,Samsung Galaxy S23,Mozilla/5.0 (Linux; Android 13; SM-S911B) AppleWebKit/537.36,access,Check Passport Status,success,992dec46,c2e46052-8609-4cf8-9a14-108616db4503,347,absher_app,Saudi Arabia
2025-12-08T18:36:19.785173Z,Noura424,94.98.166.17,Tabuk,Mac,Mozilla/5.0 (Macintosh; Intel Mac OS X 10_15_7) AppleWebKit/537.36,access,Check Passport Status,success,521f7358,98d9999d-c731-42f8-b3f3-d8a4595abfb6,375,absher_web,Saudi Arabia
2025-12-08T18:36:24.784706Z,Fahad199,94.99.250.14,Mecca,Huawei P40,Mozilla/5.0 (Linux; Android 10; ELS-NX9) AppleWebKit/537.36,access,View Profile,success,bac84b86,f0a2a2e0-2a8a-45f5-b4b0-117364c306fc,333,absher_app,Saudi Arabia
2025-12-08T18:37:10.784660Z,Majed629,188.247.142.136,Jeddah,Samsung Galaxy S23,Mozilla/5.0 (Linux; Android 13; SM-S911B) AppleWebKit/537.36,access,View Appointments,success,992dec46,6fa21c2d-757a-431b-9788-4159c88e0580,226,absher_app,Saudi Arabia
2025-12-08T18:37:11.784706Z,Fahad199,94.99.164.223,Mecca,Huawei P40,Mozilla/5.0 (Linux; Android 10; ELS-NX9) AppleWebKit/537.36,access,Renew Iqama,success,bac84b86,8f1f33a9-507e-43d8-8545-50cdea7b0af8,435,absher_app,Saudi Arabia
2025-12-08T18:38:14.785173Z,Noura424,94.98.233.180,Tabuk,Mac,Mozilla/5.0 (Macintosh; Intel Mac OS X 10_15_7) AppleWebKit/537.36,access,View Appointments,success,521f7358,393d42a5-2681-4d4b-b367-edaf8cf128a4,204,absher_web,Saudi Arabia
2025-12-08T18:39:47.785173Z,Noura424,94.98.30.36,Tabuk,Mac,Mozilla/5.0 (Macintosh; Intel Mac OS X 10_15_7) AppleWebKit/537.36,access,Check Visa Status,success,521f7358,99f82a18-ddd3-4607-b5c8-7e1f8a350df5,73,absher_web,Saudi Arabia
2025-12-08T18:40:01.785173Z,Noura424,94.98.127.30,Tabuk,Mac,Mozilla/5.0 (Macintosh; Intel Mac OS X 10_15_7) AppleWebKit/537.36,access,View Dependents,success,521f7358,66a33e4a-ab1a-4cf3-88bf-b90822c11f4a,99,absher_web,Saudi Arabia
2025-12-08T19:33:53.785005Z,Sara779,94.99.167.21,Mecca,Huawei P40,Mozilla/5.0 (Linux; Android 10; ELS-NX9) AppleWebKit/537.36,login,Authentication,success,090f4a01,1815c2a7-03ab-4125-a2d0-d1ef60fda436,486,absher_app,Saudi Arabia
2025-12-08T19:34:08.785005Z,Sara779,94.99.245.82,Mecca,Huawei P40,Mozilla/5.0 (Linux; Android 10; ELS-NX9) AppleWebKit/537.36,access,Check Visa Status,success,090f4a01,bf47b3b0-b274-42e9-9560-ecb41452d882,370,absher_app,Saudi Arabia
2025-12-08T19:35:49.785005Z,Sara779,94.99.224.139,Mecca,Huawei P40,Mozilla/5.0 (Linux; Android 10; ELS-NX9) AppleWebKit/537.36,access,View Appointments,success,090f4a01,aeedc63c-7b22-48a1-b750-07cec26afeb9,68,absher_app,Saudi Arabia
2025-12-08T19:37:18.785005Z,Sara779,94.99.61.162,Mecca,Huawei P40,Mozilla/5.0 (Linux; Android 10; ELS-NX9) AppleWebKit/537.36,access,Check Traffic Violations,success,090f4a01,dd3c22bd-bb1b-4f10-9036-09bee909857d,400,absher_app,Saudi Arabia
2025-12-08T19:38:04.785005Z,Sara779,94.99.192.24,Mecca,Huawei P40,Mozilla/5.0 (Linux; Android 10; ELS-NX9) AppleWebKit/537.36,access,Check Passport Status,success,090f4a01,a1f9cddb-f116-4327-9fdf-3c2f0ed8a0c4,272,absher_app,Saudi Arabia
2025-12-08T20:33:53.785116Z,Hassan169,86.110.185.197,Khobar,Huawei P40,Mozilla/5.0 (Linux; Android 10; ELS-NX9) AppleWebKit/537.36,login,Authentication,success,9f870274,a8dffb6a-e8c4-4050-af51-0e5d62efd390,387,absher_app,Saudi Arabia
2025-12-08T20:33:53.786141Z,Faisal588,212.138.24.166,Riyadh,Huawei P40,Mozilla/5.0 (Linux; Android 10; ELS-NX9) AppleWebKit/537.36,login,Authentication,success,4444c476,30efec2c-bfec-4344-88e7-d0f5c907047a,393,absher_app,Saudi Arabia
2025-12-08T20:34:11.786141Z,Faisal588,212.138.5.93,Riyadh,Huawei P40,Mozilla/5.0 (Linux; Android 10; ELS-NX9) AppleWebKit/537.36,access,Download Certificate,success,4444c476,c20d2a38-b8d5-4054-97ea-26014302a951,208,absher_app,Saudi Arabia
2025-12-08T20:34:19.785116Z,Hassan169,86.110.161.25,Khobar,Huawei P40,Mozilla/5.0 (Linux; Android 10; ELS-NX9) AppleWebKit/537.36,access,Renew Iqama,success,9f870274,d2f57822-c04a-4b91-af5b-d3a7f5485cc5,371,absher_app,Saudi Arabia
2025-12-08T20:34:44.786141Z,Faisal588,212.138.88.243,Riyadh,Huawei P40,Mozilla/5.0 (Linux; Android 10; ELS-NX9) AppleWebKit/537.36,access,Check Passport Status,success,4444c476,ae570370-f985-4606-8e12-2d5f6bc1979e,442,absher_app,Saudi Arabia
2025-12-08T20:35:51.785116Z,Hassan169,86.110.80.202,Khobar,Huawei P40,Mozilla/5.0 (Linux; Android 10; ELS-NX9) AppleWebKit/537.36,access,View Profile,success,9f870274,dac7a423-2368-4247-8e14-c3934599cbe8,275,absher_app,Saudi Arabia
2025-12-08T20:35:56.786141Z,Faisal588,212.138.58.36,Riyadh,Huawei P40,Mozilla/5.0 (Linux; Android 10; ELS-NX9) AppleWebKit/537.36,access,Check Passport Status,success,4444c476,35d1c9b6-54ce-486d-b2fa-978345b5620d,129,absher_app,Saudi Arabia
2025-12-08T20:36:05.785116Z,Hassan169,86.110.188.34,Khobar,Huawei P40,Mozilla/5.0 (Linux; Android 10; ELS-NX9) AppleWebKit/537.36,access,Download Certificate,success,9f870274,cb0edc06-31bd-41e4-bce9-96c076599010,96,absher_app,Saudi Arabia
2025-12-08T20:36:15.786141Z,Faisal588,212.138.217.202,Riyadh,Huawei P40,Mozilla/5.0 (Linux; Android 10; ELS-NX9) AppleWebKit/537.36,access,View Dependents,success,4444c476,6df1a9ab-27e8-47b6-bd7a-e95fa26d28d8,101,absher_app,Saudi Arabia
2025-12-08T20:36:52.785116Z,Hassan169,86.110.192.107,Khobar,Huawei P40,Mozilla/5.0 (Linux; Android 10; ELS-NX9) AppleWebKit/537.36,access,Download Certificate,success,9f870274,c9d5a257-f738-41fc-9acc-f4cf05a2f36d,139,absher_app,Saudi Arabia
2025-12-08T20:37:27.785116Z,Hassan169,86.110.202.139,Khobar,Huawei P40,Mozilla/5.0 (Linux; Android 10; ELS-NX9) AppleWebKit/537.36,access,Renew Iqama,success,9f870274,d681745c-935e-4d9b-a84e-831d350ea525,498,absher_app,Saudi Arabia
2025-12-08T20:37:29.786141Z,Faisal588,212.138.170.87,Riyadh,Huawei P40,Mozilla/5.0 (Linux; Android 10; ELS-NX9) AppleWebKit/537.36,access,View Profile,success,4444c476,e5033d0a-f69e-48ab-847b-713a94818068,498,absher_app,Saudi Arabia
2025-12-08T20:38:23.785116Z,Hassan169,86.110.213.43,Khobar,Huawei P40,Mozilla/5.0 (Linux; Android 10; ELS-NX9) AppleWebKit/537.36,access,View Dependents,success,9f870274,b1074212-7b74-4120-929c-acd879c504e2,181,absher_app,Saudi Arabia
2025-12-08T20:40:18.785116Z,Hassan169,86.110.248.207,Khobar,Huawei P40,Mozilla/5.0 (Linux; Android 10; ELS-NX9) AppleWebKit/537.36,access,View Appointments,success,9f870274,88b51f14-de5d-4103-a232-29d890b7f082,201,absher_app,Saudi Arabia
2025-12-08T21:33:53.784851Z,Nasser412,86.111.235.72,Dammam,Samsung Galaxy S23,Mozilla/5.0 (Linux; Android 13; SM-S911B) AppleWebKit/537.36,login,Authentication,success,648de46d,b6cd1504-c4a6-4561-bced-0c07f6af7206,142,absher_app,Saudi Arabia
2025-12-08T21:33:53.785029Z,Dana269,86.111.224.26,Dammam,iPhone 12,Mozilla/5.0 (iPhone; CPU iPhone OS 15_0 like Mac OS X) AppleWebKit/605.1.15,login,Authentication,success,e370ca63,6f2f675b-833a-4812-a035-a8063dd6342e,277,absher_app,Saudi Arabia
2025-12-08T21:34:03.785029Z,Dana269,86.111.232.8,Dammam,iPhone 12,Mozilla/5.0 (iPhone; CPU iPhone OS 15_0 like Mac OS X) AppleWebKit/605.1.15,access,View Dependents,success,e370ca63,4ba3616e-a7b7-4d0a-ae5f-f6075795bb20,73,absher_app,Saudi Arabia
2025-12-08T21:34:16.784851Z,Nasser412,86.111.163.209,Dammam,Samsung Galaxy S23,Mozilla/5.0 (Linux; Android 13; SM-S911B) AppleWebKit/537.36,access,Check Visa Status,success,648de46d,ab6184c9-a8e1-4f89-a148-9f39956db8e1,301,absher_app,Saudi Arabia
2025-12-08T21:34:37.784851Z,Nasser412,86.111.90.105,Dammam,Samsung Galaxy S23,Mozilla/5.0 (Linux; Android 13; SM-S911B) AppleWebKit/537.36,access,View Appointments,success,648de46d,6967d3f4-aa8b-4817-add2-0fffd8d00af2,220,absher_app,Saudi Arabia
2025-12-08T21:34:54.785029Z,Dana269,86.111.76.92,Dammam,iPhone 12,Mozilla/5.0 (iPhone; CPU iPhone OS 15_0 like Mac OS X) AppleWebKit/605.1.15,access,View Profile,success,e370ca63,ad4a483b-d3ba-44b4-9f79-74c1bb3d8489,241,absher_app,Saudi Arabia
2025-12-08T21:35:28.784851Z,Nasser412,86.111.220.42,Dammam,Samsung Galaxy S23,Mozilla/5.0 (Linux; Android 13; SM-S911B) AppleWebKit/537.36,access,Check Traffic Violations,success,648de46d,4b6a04ea-f17f-4f38-9c76-39100fde4e0a,218,absher_app,Saudi Arabia
2025-12-08T21:35:59.785029Z,Dana269,86.111.63.136,Dammam,iPhone 12,Mozilla/5.0 (iPhone; CPU iPhone OS 15_0 like Mac OS X) AppleWebKit/605.1.15,access,Renew Iqama,success,e370ca63,4f600761-44de-4d06-baec-35dadbebbbf2,260,absher_app,Saudi Arabia
2025-12-08T21:36:30.784851Z,Nasser412,86.111.74.170,Dammam,Samsung Galaxy S23,Mozilla/5.0 (Linux; Android 13; SM-S911B) AppleWebKit/537.36,access,View Appointments,success,648de46d,f2f5866d-cf44-46b4-a02a-4a3872851686,255,absher_app,Saudi Arabia
2025-12-08T21:37:21.785029Z,Dana269,86.111.44.45,Dammam,iPhone 12,Mozilla/5.0 (iPhone; CPU iPhone OS 15_0 like Mac OS X) AppleWebKit/605.1.15,access,Renew Iqama,success,e370ca63,8f0d77d0-e82c-49e8-909a-107cf11a52e6,90,absher_app,Saudi Arabia
2025-12-08T21:38:49.785029Z,Dana269,86.111.159.175,Dammam,iPhone 12,Mozilla/5.0 (iPhone; CPU iPhone OS 15_0 like Mac OS X) AppleWebKit/605.1.15,access,Check Visa Status,success,e370ca63,525f70c4-d267-474a-8a80-db6c25bcd345,173,absher_app,Saudi Arabia
2025-12-08T21:40:02.785029Z,Dana269,86.111.60.119,Dammam,iPhone 12,Mozilla/5.0 (iPhone; CPU iPhone OS 15_0 like Mac OS X) AppleWebKit/605.1.15,access,Renew Iqama,success,e370ca63,0d320223-8ccd-4cc2-8935-cf57ce5bc91b,376,absher_app,Saudi Arabia
2025-12-08T22:33:53.784939Z,Fatima897,86.110.192.226,Khobar,iPhone 14,Mozilla/5.0 (iPhone; CPU iPhone OS 17_0 like Mac OS X) AppleWebKit/605.1.15,login,Authentication,success,a474c589,0459bad5-290e-4066-b393-2fcf48cf08a8,119,absher_app,Saudi Arabia
2025-12-08T22:33:53.786035Z,Hassan586,94.99.222.249,Mecca,iPhone 13,Mozilla/5.0 (iPhone; CPU iPhone OS 16_0 like Mac OS X) AppleWebKit/605.1.15,login,Authentication,success,a0404113,8e37c448-f90a-42b1-8af6-2bfc30213ccf,371,absher_app,Saudi Arabia
2025-12-08T22:34:00.784939Z,Fatima897,86.110.198.203,Khobar,iPhone 14,Mozilla/5.0 (iPhone; CPU iPhone OS 17_0 like Mac OS X) AppleWebKit/605.1.15,access,View Dependents,success,a474c589,06b133d9-31ea-4e94-bef3-98c195a11d9f,487,absher_app,Saudi Arabia
2025-12-08T22:34:08.786035Z,Hassan586,94.99.113.18,Mecca,iPhone 13,Mozilla/5.0 (iPhone; CPU iPhone OS 16_0 like Mac OS X) AppleWebKit/605.1.15,access,Renew Iqama,success,a0404113,9cf7f0ab-5b0b-40b7-8d92-5a6507120be6,290,absher_app,Saudi Arabia
2025-12-08T22:35:03.784939Z,Fatima897,86.110.240.202,Khobar,iPhone 14,Mozilla/5.0 (iPhone; CPU iPhone OS 17_0 like Mac OS X) AppleWebKit/605.1.15,access,Download Certificate,success,a474c589,41637333-baf6-4df6-86a1-c07d79b255af,309,absher_app,Saudi Arabia
2025-12-08T22:35:14.786035Z,Hassan586,94.99.204.71,Mecca,iPhone 13,Mozilla/5.0 (iPhone; CPU iPhone OS 16_0 like Mac OS X) AppleWebKit/605.1.15,access,View Dependents,success,a0404113,c5276ff9-7603-4b70-99e3-e93e5b34c606,352,absher_app,Saudi Arabia
2025-12-08T22:35:31.786035Z,Hassan586,94.99.130.19,Mecca,iPhone 13,Mozilla/5.0 (iPhone; CPU iPhone OS 16_0 like Mac OS X) AppleWebKit/605.1.15,access,Download Certificate,success,a0404113,ef1e6464-af44-4266-b415-bea1725a2bdf,208,absher_app,Saudi Arabia
2025-12-08T22:35:47.784939Z,Fatima897,86.110.73.186,Khobar,iPhone 14,Mozilla/5.0 (iPhone; CPU iPhone OS 17_0 like Mac OS X) AppleWebKit/605.1.15,access,View Profile,success,a474c589,29ccf74e-0526-4b99-989c-971c674a5b45,202,absher_app,Saudi Arabia
2025-12-08T22:37:44.784939Z,Fatima897,86.110.222.39,Khobar,iPhone 14,Mozilla/5.0 (iPhone; CPU iPhone OS 17_0 like Mac OS X) AppleWebKit/605.1.15,access,View Appointments,success,a474c589,160a34c0-b39e-4d46-963f-36c04446d10e,278,absher_app,Saudi Arabia
2025-12-08T22:39:02.784939Z,Fatima897,86.110.89.86,Khobar,iPhone 14,Mozilla/5.0 (iPhone; CPU iPhone OS 17_0 like Mac OS X) AppleWebKit/605.1.15,access,View Appointments,success,a474c589,d031e6d6-543d-4f32-a5a3-6c06b575a35f,332,absher_app,Saudi Arabia
2025-12-08T23:33:53.784987Z,Lama984,95.187.223.26,Medina,Samsung Galaxy S23,Mozilla/5.0 (Linux; Android 13; SM-S911B) AppleWebKit/537.36,login,Authentication,success,68246e78,2cba6d47-4d00-4543-9d47-5bf2321a5534,497,absher_app,Saudi Arabia
2025-12-08T23:33:53.786069Z,Fatima136,86.111.245.203,Dammam,iPhone 12,Mozilla/5.0 (iPhone; CPU iPhone OS 15_0 like Mac OS X) AppleWebKit/605.1.15,login,Authentication,success,da4b9175,09c9651b-9bdc-428f-8e20-b7074b121c21,428,absher_app,Saudi Arabia
2025-12-08T23:33:53.786193Z,Noura424,94.98.119.197,Tabuk,Mac,Mozilla/5.0 (Macintosh; Intel Mac OS X 10_15_7) AppleWebKit/537.36,login,Authentication,success,1e15b36f,a7c0d474-30e4-48c7-8521-e4a13c41d037,194,absher_web,Saudi Arabia
2025-12-08T23:33:59.786069Z,Fatima136,86.111.233.208,Dammam,iPhone 12,Mozilla/5.0 (iPhone; CPU iPhone OS 15_0 like Mac OS X) AppleWebKit/605.1.15,access,View Appointments,success,da4b9175,cc4b889c-7e38-482f-b52c-9e02733e3637,342,absher_app,Saudi Arabia
2025-12-08T23:34:12.784987Z,Lama984,95.187.135.234,Medina,Samsung Galaxy S23,Mozilla/5.0 (Linux; Android 13; SM-S911B) AppleWebKit/537.36,access,Check Traffic Violations,success,68246e78,d092cfcc-20bf-43e3-8637-8a6c3aab1a29,283,absher_app,Saudi Arabia
2025-12-08T23:34:22.786193Z,Noura424,94.98.129.136,Tabuk,Mac,Mozilla/5.0 (Macintosh; Intel Mac OS X 10_15_7) AppleWebKit/537.36,access,Check Visa Status,success,1e15b36f,90a7fe35-fb90-44aa-8dfd-2c8c47f5b334,264,absher_web,Saudi Arabia
2025-12-08T23:34:23.784987Z,Lama984,95.187.105.223,Medina,Samsung Galaxy S23,Mozilla/5.0 (Linux; Android 13; SM-S911B) AppleWebKit/537.36,access,Renew Iqama,success,68246e78,071d6418-9d78-4fc5-9fe0-b3a0d5e187aa,385,absher_app,Saudi Arabia
2025-12-08T23:34:52.784987Z,Lama984,95.187.121.201,Medina,Samsung Galaxy S23,Mozilla/5.0 (Linux; Android 13; SM-S911B) AppleWebKit/537.36,access,Check Traffic Violations,success,68246e78,aad3cc9b-e251-4660-93fa-1a73a6df0bcd,185,absher_app,Saudi Arabia
2025-12-08T23:34:52.786193Z,Noura424,94.98.206.155,Tabuk,Mac,Mozilla/5.0 (Macintosh; Intel Mac OS X 10_15_7) AppleWebKit/537.36,access,Check Passport Status,success,1e15b36f,7f8069bc-394e-4f27-a5c0-8860c74fb620,120,absher_web,Saudi Arabia
2025-12-08T23:35:32.786069Z,Fatima136,86.111.83.155,Dammam,iPhone 12,Mozilla/5.0 (iPhone; CPU iPhone OS 15_0 like Mac OS X) AppleWebKit/605.1.15,access,Check Passport Status,success,da4b9175,d31045fc-0371-4723-aed3-c156b37111b6,293,absher_app,Saudi Arabia
2025-12-08T23:35:34.786193Z,Noura424,94.98.165.124,Tabuk,Mac,Mozilla/5.0 (Macintosh; Intel Mac OS X 10_15_7) AppleWebKit/537.36,access,View Profile,success,1e15b36f,149a37d4-08a8-458b-a5a4-30fc3e7c2fe7,497,absher_web,Saudi Arabia
2025-12-08T23:36:31.786193Z,Noura424,94.98.183.217,Tabuk,Mac,Mozilla/5.0 (Macintosh; Intel Mac OS X 10_15_7) AppleWebKit/537.36,access,Check Traffic Violations,success,1e15b36f,dd6c42f2-1f99-46bc-b58f-167f5187d2a5,314,absher_web,Saudi Arabia
2025-12-08T23:36:46.786069Z,Fatima136,86.111.246.16,Dammam,iPhone 12,Mozilla/5.0 (iPhone; CPU iPhone OS 15_0 like Mac OS X) AppleWebKit/605.1.15,access,Renew Iqama,success,da4b9175,f4d11351-7c4e-47bb-ad62-09bfeecb5c3c,280,absher_app,Saudi Arabia
2025-12-08T23:37:09.786069Z,Fatima136,86.111.252.183,Dammam,iPhone 12,Mozilla/5.0 (iPhone; CPU iPhone OS 15_0 like Mac OS X) AppleWebKit/605.1.15,access,Download Certificate,success,da4b9175,9b483340-afd4-41bb-9b8b-b16ef58aef4a,93,absher_app,Saudi Arabia
2025-12-08T23:38:23.786069Z,Fatima136,86.111.11.64,Dammam,iPhone 12,Mozilla/5.0 (iPhone; CPU iPhone OS 15_0 like Mac OS X) AppleWebKit/605.1.15,access,Renew Iqama,success,da4b9175,d0170cd3-5f89-420c-8ddb-8f6820ef859f,412,absher_app,Saudi Arabia
2025-12-09T00:33:53.784685Z,Sultan651,95.187.91.180,Medina,Samsung Galaxy S23,Mozilla/5.0 (Linux; Android 13; SM-S911B) AppleWebKit/537.36,login,Authentication,success,a7fd0003,ca4a88a0-69d6-416f-bba6-8bf2bdb4797a,282,absher_app,Saudi Arabia
2025-12-09T00:33:53.784873Z,Dana269,86.111.117.23,Dammam,iPhone 12,Mozilla/5.0 (iPhone; CPU iPhone OS 15_0 like Mac OS X) AppleWebKit/605.1.15,login,Authentication,success,1e5e0ae4,17e9a1f8-74d4-4aac-b30c-b477719f6b80,211,absher_app,Saudi Arabia
2025-12-09T00:33:53.784916Z,Dana204,94.99.24.58,Mecca,iPhone 13,Mozilla/5.0 (iPhone; CPU iPhone OS 16_0 like Mac OS X) AppleWebKit/605.1.15,login,Authentication,success,83d78ffd,4f21fbe2-9139-4d81-a24c-3b3443a82dc8,480,absher_app,Saudi Arabia
2025-12-09T00:33:53.785840Z,Khalid371,212.138.151.245,Riyadh,Samsung Galaxy S22,Mozilla/5.0 (Linux; Android 12; SM-S901B) AppleWebKit/537.36,login,Authentication,success,c87efa50,9f4584a8-a6eb-4ef1-9abe-870a4b378104,337,absher_app,Saudi Arabia
2025-12-09T00:33:53.785874Z,Dana666,212.138.210.160,Riyadh,Samsung Galaxy S22,Mozilla/5.0 (Linux; Android 12; SM-S901B) AppleWebKit/537.36,login,Authentication,success,e87d201e,f12f6559-7c4d-46e2-8cdc-5e0dac4188e6,364,absher_app,Saudi Arabia
2025-12-09T00:34:01.784916Z,Dana204,94.99.243.31,Mecca,iPhone 13,Mozilla/5.0 (iPhone; CPU iPhone OS 16_0 like Mac OS X) AppleWebKit/605.1.15,access,View Appointments,success,83d78ffd,e157d842-ccd1-4f6d-a875-ce1379cb0ca6,381,absher_app,Saudi Arabia
2025-12-09T00:34:06.784685Z,Sultan651,95.187.65.60,Medina,Samsung Galaxy S23,Mozilla/5.0 (Linux; Android 13; SM-S911B) AppleWebKit/537.36,access,View Dependents,success,a7fd0003,a56d4870-3418-4410-af24-f9af8cf5fe97,111,absher_app,Saudi Arabia
2025-12-09T00:34:06.784873Z,Dana269,86.111.30.249,Dammam,iPhone 12,Mozilla/5.0 (iPhone; CPU iPhone OS 15_0 like Mac OS X) AppleWebKit/605.1.15,access,Download Certificate,success,1e5e0ae4,f4b693b4-6519-4b69-87f8-8e83956b9ca8,445,absher_app,Saudi Arabia
2025-12-09T00:34:15.785840Z,Khalid371,212.138.172.32,Riyadh,Samsung Galaxy S22,Mozilla/5.0 (Linux; Android 12; SM-S901B) AppleWebKit/537.36,access,Download Certificate,success,c87efa50,2956a4f9-65f9-46bb-b325-9de4c9184dc7,260,absher_app,Saudi Arabia
2025-12-09T00:34:19.785874Z,Dana666,212.138.156.238,Riyadh,Samsung Galaxy S22,Mozilla/5.0 (Linux; Android 12; SM-S901B) AppleWebKit/537.36,access,View Profile,success,e87d201e,2da05e52-063d-4aaf-a9a2-b441c43bc4ca,386,absher_app,Saudi Arabia
2025-12-09T00:35:48.784685Z,Sultan651,95.187.81.31,Medina,Samsung Galaxy S23,Mozilla/5.0 (Linux; Android 13; SM-S911B) AppleWebKit/537.36,access,Check Passport Status,success,a7fd0003,0ed228d7-13e6-4bf1-a4d6-52b65fa6f3e7,430,absher_app,Saudi Arabia
2025-12-09T00:35:57.784916Z,Dana204,94.99.128.239,Mecca,iPhone 13,Mozilla/5.0 (iPhone; CPU iPhone OS 16_0 like Mac OS X) AppleWebKit/605.1.15,access,Renew Iqama,success,83d78ffd,d846cf0d-d4d6-4438-8efc-15b7b93a8216,416,absher_app,Saudi Arabia
2025-12-09T00:36:15.785874Z,Dana666,212.138.8.47,Riyadh,Samsung Galaxy S22,Mozilla/5.0 (Linux; Android 12; SM-S901B) AppleWebKit/537.36,access,View Dependents,success,e87d201e,28b47b41-fb52-457d-9d49-dede90214520,189,absher_app,Saudi Arabia
2025-12-09T00:36:44.784916Z,Dana204,94.99.107.214,Mecca,iPhone 13,Mozilla/5.0 (iPhone; CPU iPhone OS 16_0 like Mac OS X) AppleWebKit/605.1.15,access,View Dependents,success,83d78ffd,13e46a5c-d151-46cd-9144-e9ae11b1a07b,297,absher_app,Saudi Arabia
2025-12-09T00:37:06.784685Z,Sultan651,95.187.50.56,Medina,Samsung Galaxy S23,Mozilla/5.0 (Linux; Android 13; SM-S911B) AppleWebKit/537.36,access,Renew Iqama,success,a7fd0003,8411bd41-e1b0-4dd5-b012-06fbeefa8845,428,absher_app,Saudi Arabia
2025-12-09T00:37:54.784916Z,Dana204,94.99.117.142,Mecca,iPhone 13,Mozilla/5.0 (iPhone; CPU iPhone OS 16_0 like Mac OS X) AppleWebKit/605.1.15,access,Check Passport Status,success,83d78ffd,2a8093f4-6ce4-4adc-938a-f42403a8ef06,124,absher_app,Saudi Arabia
2025-12-09T00:37:54.785874Z,Dana666,212.138.236.87,Riyadh,Samsung Galaxy S22,Mozilla/5.0 (Linux; Android 12; SM-S901B) AppleWebKit/537.36,access,View Dependents,success,e87d201e,2fdee570-ac40-4e54-a31a-8b4286da2859,229,absher_app,Saudi Arabia
2025-12-09T00:38:04.785874Z,Dana666,212.138.223.37,Riyadh,Samsung Galaxy S22,Mozilla/5.0 (Linux; Android 12; SM-S901B) AppleWebKit/537.36,access,Renew Iqama,success,e87d201e,c80ad814-9a3a-4509-80b3-376ba4bc975b,339,absher_app,Saudi Arabia
2025-12-09T00:39:38.785874Z,Dana666,212.138.18.37,Riyadh,Samsung Galaxy S22,Mozilla/5.0 (Linux; Android 12; SM-S901B) AppleWebKit/537.36,access,Check Visa Status,success,e87d201e,211dcb59-367b-4811-81e8-b7ed8491ee8b,429,absher_app,Saudi Arabia
2025-12-09T00:41:09.785874Z,Dana666,212.138.24.192,Riyadh,Samsung Galaxy S22,Mozilla/5.0 (Linux; Android 12; SM-S901B) AppleWebKit/537.36,access,View Profile,success,e87d201e,85b182fe-a0f6-4611-b6be-3a8ac4caf0a4,321,absher_app,Saudi Arabia
2025-12-09T00:41:46.785874Z,Dana666,212.138.108.117,Riyadh,Samsung Galaxy S22,Mozilla/5.0 (Linux; Android 12; SM-S901B) AppleWebKit/537.36,access,Check Visa Status,success,e87d201e,6d38a302-1453-4b26-8968-f6b626d84af7,224,absher_app,Saudi Arabia
2025-12-09T01:33:53.785776Z,Omar923,94.98.118.165,Tabuk,Mac,Mozilla/5.0 (Macintosh; Intel Mac OS X 10_15_7) AppleWebKit/537.36,login,Authentication,success,f0f34a5c,693381b8-0fa3-4ee0-a81c-f3e84eec8a33,65,absher_web,Saudi Arabia
2025-12-09T01:33:53.786005Z,Haya396,95.186.30.136,Abha,Samsung Galaxy S23,Mozilla/5.0 (Linux; Android 13; SM-S911B) AppleWebKit/537.36,login,Authentication,success,e4310865,72e9df8a-19b0-4444-acd3-01764ac60bd3,311,absher_app,Saudi Arabia
2025-12-09T01:33:53.786096Z,Ahmed194,94.99.157.41,Mecca,Samsung Galaxy S22,Mozilla/5.0 (Linux; Android 12; SM-S901B) AppleWebKit/537.36,login,Authentication,success,180ec02b,cd6e1039-3486-4237-801e-be90b350e35e,236,absher_app,Saudi Arabia
2025-12-09T01:33:59.785776Z,Omar923,94.98.217.103,Tabuk,Mac,Mozilla/5.0 (Macintosh; Intel Mac OS X 10_15_7) AppleWebKit/537.36,access,View Appointments,success,f0f34a5c,50c946ef-206a-4646-8fb4-4e6ef73b8017,268,absher_web,Saudi Arabia
2025-12-09T01:34:04.786005Z,Haya396,95.186.90.187,Abha,Samsung Galaxy S23,Mozilla/5.0 (Linux; Android 13; SM-S911B) AppleWebKit/537.36,access,Download Certificate,success,e4310865,46ce1244-0673-4094-b267-44b1350da58c,469,absher_app,Saudi Arabia
2025-12-09T01:34:09.786096Z,Ahmed194,94.99.100.105,Mecca,Samsung Galaxy S22,Mozilla/5.0 (Linux; Android 12; SM-S901B) AppleWebKit/537.36,access,View Dependents,success,180ec02b,61f542ec-9081-4c38-8e50-636ba037dab5,446,absher_app,Saudi Arabia
2025-12-09T01:35:02.786096Z,Ahmed194,94.99.203.162,Mecca,Samsung Galaxy S22,Mozilla/5.0 (Linux; Android 12; SM-S901B) AppleWebKit/537.36,access,View Profile,success,180ec02b,a1dbd8b2-d75f-40f0-b530-9afeec63dc97,381,absher_app,Saudi Arabia
2025-12-09T01:35:36.785776Z,Omar923,94.98.126.183,Tabuk,Mac,Mozilla/5.0 (Macintosh; Intel Mac OS X 10_15_7) AppleWebKit/537.36,access,Check Traffic Violations,success,f0f34a5c,f3b88bf8-a121-4aa9-85c6-ebd9a8336865,277,absher_web,Saudi Arabia
2025-12-09T01:35:36.786005Z,Haya396,95.186.61.27,Abha,Samsung Galaxy S23,Mozilla/5.0 (Linux; Android 13; SM-S911B) AppleWebKit/537.36,access,Renew Iqama,success,e4310865,37d55726-8f6e-4f04-b20a-0281f9a35372,124,absher_app,Saudi Arabia
2025-12-09T01:35:54.786096Z,Ahmed194,94.99.85.25,Mecca,Samsung Galaxy S22,Mozilla/5.0 (Linux; Android 12; SM-S901B) AppleWebKit/537.36,access,Check Traffic Violations,success,180ec02b,f9f64231-d20b-4bf2-be3d-6146774f035a,335,absher_app,Saudi Arabia
2025-12-09T01:35:55.785776Z,Omar923,94.98.83.156,Tabuk,Mac,Mozilla/5.0 (Macintosh; Intel Mac OS X 10_15_7) AppleWebKit/537.36,access,Check Traffic Violations,success,f0f34a5c,f9f15d8d-7035-49df-8b2a-37fb23cc37ff,125,absher_web,Saudi Arabia
2025-12-09T01:36:18.786005Z,Haya396,95.186.45.155,Abha,Samsung Galaxy S23,Mozilla/5.0 (Linux; Android 13; SM-S911B) AppleWebKit/537.36,access,Check Passport Status,success,e4310865,fdbaac65-e5b3-42aa-9084-bd242dcc6197,128,absher_app,Saudi Arabia
2025-12-09T01:37:30.786096Z,Ahmed194,94.99.73.65,Mecca,Samsung Galaxy S22,Mozilla/5.0 (Linux; Android 12; SM-S901B) AppleWebKit/537.36,access,Check Visa Status,success,180ec02b,e27258ca-4289-4cba-b44e-3ce1d51a93d5,420,absher_app,Saudi Arabia
2025-12-09T01:38:05.786005Z,Haya396,95.186.46.244,Abha,Samsung Galaxy S23,Mozilla/5.0 (Linux; Android 13; SM-S911B) AppleWebKit/537.36,access,Check Traffic Violations,success,e4310865,1c9e47d3-a3ad-4367-9a3b-1123702bc0ea,445,absher_app,Saudi Arabia
2025-12-09T01:39:29.786096Z,Ahmed194,94.99.86.21,Mecca,Samsung Galaxy S22,Mozilla/5.0 (Linux; Android 12; SM-S901B) AppleWebKit/537.36,access,Renew Iqama,success,180ec02b,173403b4-e1cc-47ab-b6c0-7a832a72e17f,348,absher_app,Saudi Arabia
2025-12-09T01:39:35.786005Z,Haya396,95.186.119.194,Abha,Samsung Galaxy S23,Mozilla/5.0 (Linux; Android 13; SM-S911B) AppleWebKit/537.36,access,View Appointments,success,e4310865,def8bba6-1e82-4b06-bf68-9bbe582f0831,338,absher_app,Saudi Arabia
2025-12-09T01:41:22.786005Z,Haya396,95.186.175.237,Abha,Samsung Galaxy S23,Mozilla/5.0 (Linux; Android 13; SM-S911B) AppleWebKit/537.36,access,View Appointments,success,e4310865,0e11ca51-2889-4474-8514-2c27ae7ed6d9,339,absher_app,Saudi Arabia
2025-12-09T02:33:53.784645Z,Maha619,94.99.91.205,Mecca,iPhone 12,Mozilla/5.0 (iPhone; CPU iPhone OS 15_0 like Mac OS X) AppleWebKit/605.1.15,login,Authentication,success,21a53ea1,dee589c1-97b1-4c2e-afdb-4a97227b5672,182,absher_app,Saudi Arabia
2025-12-09T02:33:53.784829Z,Ibrahim282,188.247.21.154,Jeddah,Samsung Galaxy S22,Mozilla/5.0 (Linux; Android 12; SM-S901B) AppleWebKit/537.36,login,Authentication,success,fc4e3efc,d20c020d-80c4-4985-a12c-bd01d6445109,70,absher_app,Saudi Arabia
2025-12-09T02:34:08.784645Z,Maha619,94.99.226.153,Mecca,iPhone 12,Mozilla/5.0 (iPhone; CPU iPhone OS 15_0 like Mac OS X) AppleWebKit/605.1.15,access,View Dependents,success,21a53ea1,dcad29fa-172b-4774-af99-bdb4282def20,409,absher_app,Saudi Arabia
2025-12-09T02:34:11.784829Z,Ibrahim282,188.247.155.65,Jeddah,Samsung Galaxy S22,Mozilla/5.0 (Linux; Android 12; SM-S901B) AppleWebKit/537.36,access,Download Certificate,success,fc4e3efc,f4269607-ae73-451b-82b2-edd36729f58a,63,absher_app,Saudi Arabia
2025-12-09T02:34:32.784829Z,Ibrahim282,188.247.247.173,Jeddah,Samsung Galaxy S22,Mozilla/5.0 (Linux; Android 12; SM-S901B) AppleWebKit/537.36,access,Check Passport Status,success,fc4e3efc,af0a1f2a-ec89-4490-80a7-37edb0507d65,478,absher_app,Saudi Arabia
2025-12-09T02:34:53.784645Z,Maha619,94.99.133.243,Mecca,iPhone 12,Mozilla/5.0 (iPhone; CPU iPhone OS 15_0 like Mac OS X) AppleWebKit/605.1.15,access,View Profile,success,21a53ea1,19974845-12ec-46e3-962e-4d24920ebf53,147,absher_app,Saudi Arabia
2025-12-09T02:36:32.784829Z,Ibrahim282,188.247.196.173,Jeddah,Samsung Galaxy S22,Mozilla/5.0 (Linux; Android 12; SM-S901B) AppleWebKit/537.36,access,View Profile,success,fc4e3efc,f7317040-13f0-4c1f-805c-ad03a578ee90,470,absher_app,Saudi Arabia
2025-12-09T02:37:16.784829Z,Ibrahim282,188.247.196.194,Jeddah,Samsung Galaxy S22,Mozilla/5.0 (Linux; Android 12; SM-S901B) AppleWebKit/537.36,access,View Profile,success,fc4e3efc,d2c02aee-adb6-4fef-904e-8fb25a772623,139,absher_app,Saudi Arabia
2025-12-09T03:23:53.786555Z,Haya396,41.58.174.41,Lagos,Mac,Mozilla/5.0 (Macintosh; Intel Mac OS X 10_15_7) AppleWebKit/537.36,login,Authentication,failed,4598510d,e7f70f05-292e-464e-8503-e0930a9e7598,163,absher_web,Nigeria
2025-12-09T03:24:23.786555Z,Haya396,41.58.37.218,Lagos,Mac,Mozilla/5.0 (Macintosh; Intel Mac OS X 10_15_7) AppleWebKit/537.36,login,Authentication,failed,1e3899d2,0a9e5a6f-d395-4ce8-b6c1-b8ecb2470b24,1344,absher_web,Nigeria
2025-12-09T03:24:53.786555Z,Haya396,41.58.174.201,Lagos,Mac,Mozilla/5.0 (Macintosh; Intel Mac OS X 10_15_7) AppleWebKit/537.36,login,Authentication,failed,04d423d3,54ce291c-62f8-4407-aee9-86a0c4b5eea6,997,absher_web,Nigeria
2025-12-09T03:25:23.786555Z,Haya396,41.58.9.33,Lagos,Mac,Mozilla/5.0 (Macintosh; Intel Mac OS X 10_15_7) AppleWebKit/537.36,login,Authentication,failed,a8b61c97,b25b860b-9d20-4b7c-b3d5-732aff6ab00f,237,absher_web,Nigeria
2025-12-09T03:25:53.786555Z,Haya396,41.58.61.200,Lagos,Mac,Mozilla/5.0 (Macintosh; Intel Mac OS X 10_15_7) AppleWebKit/537.36,login,Authentication,success,3309e94c,85c91794-8a1d-46c6-8d30-844e4b04a7c9,380,absher_web,Nigeria
2025-12-09T03:25:53.786610Z,Aisha508,51.140.64.246,London,Windows PC,Mozilla/5.0 (Windows NT 10.0; Win64; x64) AppleWebKit/537.36,login,Authentication,failed,93474275,8ae2ab84-e529-4e5a-9a1b-a13d7d6e2b74,332,absher_web,UK
2025-12-09T03:26:08.786555Z,Haya396,41.58.94.93,Lagos,Mac,Mozilla/5.0 (Macintosh; Intel Mac OS X 10_15_7) AppleWebKit/537.36,access,Change Password,success,3309e94c,8161d602-69e7-44b2-a326-966f630d0ef6,246,absher_web,Nigeria
2025-12-09T03:26:22.786555Z,Haya396,41.58.9.155,Lagos,Mac,Mozilla/5.0 (Macintosh; Intel Mac OS X 10_15_7) AppleWebKit/537.36,access,Update Mobile Number,success,3309e94c,651e41ed-bd32-47c3-b20d-994a510f9076,128,absher_web,Nigeria
2025-12-09T03:26:23.786610Z,Aisha508,51.140.7.189,London,Windows PC,Mozilla/5.0 (Windows NT 10.0; Win64; x64) AppleWebKit/537.36,login,Authentication,failed,a401eb4d,3e97c6a5-4b59-48ca-bc59-12b510a96132,481,absher_web,UK
2025-12-09T03:26:37.786555Z,Haya396,41.58.116.243,Lagos,Mac,Mozilla/5.0 (Macintosh; Intel Mac OS X 10_15_7) AppleWebKit/537.36,access,Update Bank Account,success,3309e94c,7cb1a2ff-584c-4fec-9e4c-2b3e90be694f,239,absher_web,Nigeria
2025-12-09T03:26:47.786555Z,Haya396,41.58.114.196,Lagos,Mac,Mozilla/5.0 (Macintosh; Intel Mac OS X 10_15_7) AppleWebKit/537.36,access,Issue Exit Reentry,success,3309e94c,234442d4-631c-4976-9b09-93cbbc1b9884,89,absher_web,Nigeria
2025-12-09T03:26:53.786610Z,Aisha508,51.140.128.133,London,Windows PC,Mozilla/5.0 (Windows NT 10.0; Win64; x64) AppleWebKit/537.36,login,Authentication,failed,59f3828d,87d9c79f-640a-4d37-8baf-680737e6b15c,892,absher_web,UK
2025-12-09T03:27:53.786610Z,Aisha508,51.140.234.144,London,Windows PC,Mozilla/5.0 (Windows NT 10.0; Win64; x64) AppleWebKit/537.36,login,Authentication,success,07630180,f86740fd-9fec-434d-8c39-082ac0a8aa91,110,absher_web,UK
2025-12-09T03:28:08.786610Z,Aisha508,51.140.68.199,London,Windows PC,Mozilla/5.0 (Windows NT 10.0; Win64; x64) AppleWebKit/537.36,access,Change Password,success,07630180,3190b7ee-dddf-4d4f-b6a7-bd042723b0c7,183,absher_web,UK
2025-12-09T03:28:20.786610Z,Aisha508,51.140.55.157,London,Windows PC,Mozilla/5.0 (Windows NT 10.0; Win64; x64) AppleWebKit/537.36,access,Update Mobile Number,success,07630180,960b7edd-2942-4935-b065-38f4db50ffc1,196,absher_web,UK
2025-12-09T03:28:32.786610Z,Aisha508,51.140.52.32,London,Windows PC,Mozilla/5.0 (Windows NT 10.0; Win64; x64) AppleWebKit/537.36,access,Update Bank Account,success,07630180,9ade6c16-8eea-4ff4-bcb2-16ad35ed8a41,119,absher_web,UK
2025-12-09T03:28:38.786610Z,Aisha508,51.140.116.45,London,Windows PC,Mozilla/5.0 (Windows NT 10.0; Win64; x64) AppleWebKit/537.36,access,Issue Exit Reentry,success,07630180,eb10552b-b777-49a0-8502-48401cc88fe8,415,absher_web,UK
2025-12-09T03:33:53.784459Z,Haya228,212.138.87.195,Riyadh,Mac,Mozilla/5.0 (Macintosh; Intel Mac OS X 10_15_7) AppleWebKit/537.36,login,Authentication,success,13983ee5,15846b36-ec2b-46ad-a838-fdd58e725b50,500,absher_web,Saudi Arabia
2025-12-09T03:34:10.784459Z,Haya228,212.138.193.244,Riyadh,Mac,Mozilla/5.0 (Macintosh; Intel Mac OS X 10_15_7) AppleWebKit/537.36,access,View Dependents,success,13983ee5,443b7add-790e-465c-a3d9-4f22cb0c620e,475,absher_web,Saudi Arabia
2025-12-09T03:35:13.784459Z,Haya228,212.138.214.21,Riyadh,Mac,Mozilla/5.0 (Macintosh; Intel Mac OS X 10_15_7) AppleWebKit/537.36,access,View Dependents,success,13983ee5,21c59666-78a9-49c1-925b-ed9c17bc8a3c,290,absher_web,Saudi Arabia
2025-12-09T03:35:25.784459Z,Haya228,212.138.244.90,Riyadh,Mac,Mozilla/5.0 (Macintosh; Intel Mac OS X 10_15_7) AppleWebKit/537.36,access,View Profile,success,13983ee5,91772e55-a5ef-428c-8224-aa344b792ca7,164,absher_web,Saudi Arabia
2025-12-09T03:42:53.786654Z,Ali786,51.140.141.139,London,Windows PC,Mozilla/5.0 (Windows NT 10.0; Win64; x64) AppleWebKit/537.36,login,Authentication,failed,7b805634,5b3b2f5d-9b16-456c-b1b4-be5eb6960863,694,absher_web,UK
2025-12-09T03:43:23.786654Z,Ali786,51.140.229.77,London,Windows PC,Mozilla/5.0 (Windows NT 10.0; Win64; x64) AppleWebKit/537.36,login,Authentication,failed,3ff1e602,8b24084d-d24b-49b4-996c-58eaafc2e69d,1843,absher_web,UK
2025-12-09T03:44:53.786654Z,Ali786,51.140.41.183,London,Windows PC,Mozilla/5.0 (Windows NT 10.0; Win64; x64) AppleWebKit/537.36,login,Authentication,success,fa596faa,d8608971-3a69-4043-bd9f-6a112afbdd3b,413,absher_web,UK
2025-12-09T03:45:08.786654Z,Ali786,51.140.238.180,London,Windows PC,Mozilla/5.0 (Windows NT 10.0; Win64; x64) AppleWebKit/537.36,access,Change Password,success,fa596faa,f8cf1759-6df3-4c02-9bce-bd6ecb932a71,376,absher_web,UK
2025-12-09T03:45:15.786654Z,Ali786,51.140.204.93,London,Windows PC,Mozilla/5.0 (Windows NT 10.0; Win64; x64) AppleWebKit/537.36,access,Update Mobile Number,success,fa596faa,29c51e26-621b-44a5-a874-2f1b6cdca931,310,absher_web,UK
2025-12-09T03:45:23.786654Z,Ali786,51.140.32.253,London,Windows PC,Mozilla/5.0 (Windows NT 10.0; Win64; x64) AppleWebKit/537.36,access,Update Bank Account,success,fa596faa,c0ab1557-377b-4463-ae51-d0b19fa78f09,152,absher_web,UK
2025-12-09T03:45:30.786654Z,Ali786,51.140.61.203,London,Windows PC,Mozilla/5.0 (Windows NT 10.0; Win64; x64) AppleWebKit/537.36,access,Issue Exit Reentry,success,fa596faa,eeb9610b-c79e-4739-be9b-bf789fdcb047,302,absher_web,UK
2025-12-09T04:33:53.784606Z,Dana204,94.99.126.28,Mecca,iPhone 13,Mozilla/5.0 (iPhone; CPU iPhone OS 16_0 like Mac OS X) AppleWebKit/605.1.15,login,Authentication,success,2447f25e,d5417d83-90d9-41c2-9a4c-787dfd0b1ed4,271,absher_app,Saudi Arabia
2025-12-09T04:33:53.784763Z,Dana269,86.111.153.203,Dammam,iPhone 12,Mozilla/5.0 (iPhone; CPU iPhone OS 15_0 like Mac OS X) AppleWebKit/605.1.15,login,Authentication,success,afabdad6,7130e30d-7fe4-4ec4-8e00-b06a17aebe41,366,absher_app,Saudi Arabia
2025-12-09T04:33:53.784790Z,Maha214,212.138.177.153,Riyadh,Samsung Galaxy S22,Mozilla/5.0 (Linux; Android 12; SM-S901B) AppleWebKit/537.36,login,Authentication,success,5aad95ac,6500af87-7c63-489b-b2bc-e2f0b2bd4078,290,absher_app,Saudi Arabia
2025-12-09T04:33:53.785969Z,Ali881,212.138.118.236,Riyadh,iPhone 13,Mozilla/5.0 (iPhone; CPU iPhone OS 16_0 like Mac OS X) AppleWebKit/605.1.15,login,Authentication,success,dd326a50,c9e7325d-28a4-48e2-92de-ef5efef35e15,89,absher_app,Saudi Arabia
2025-12-09T04:34:05.784763Z,Dana269,86.111.116.233,Dammam,iPhone 12,Mozilla/5.0 (iPhone; CPU iPhone OS 15_0 like Mac OS X) AppleWebKit/605.1.15,access,Check Visa Status,success,afabdad6,a61cea93-82f3-409c-be4a-4b246dad08de,276,absher_app,Saudi Arabia
2025-12-09T04:34:07.784790Z,Maha214,212.138.60.74,Riyadh,Samsung Galaxy S22,Mozilla/5.0 (Linux; Android 12; SM-S901B) AppleWebKit/537.36,access,View Profile,success,5aad95ac,cf9a8d02-d009-413d-92c3-9e069a38e2ce,411,absher_app,Saudi Arabia
2025-12-09T04:34:08.785969Z,Ali881,212.138.147.104,Riyadh,iPhone 13,Mozilla/5.0 (iPhone; CPU iPhone OS 16_0 like Mac OS X) AppleWebKit/605.1.15,access,Check Visa Status,success,dd326a50,56f09596-c869-44d5-82b2-fec6deaaa2bd,413,absher_app,Saudi Arabia
2025-12-09T04:34:09.784606Z,Dana204,94.99.182.40,Mecca,iPhone 13,Mozilla/5.0 (iPhone; CPU iPhone OS 16_0 like Mac OS X) AppleWebKit/605.1.15,access,View Appointments,success,2447f25e,0ad227e7-5320-41ec-981d-fca97999ab41,272,absher_app,Saudi Arabia
2025-12-09T04:34:41.784606Z,Dana204,94.99.158.207,Mecca,iPhone 13,Mozilla/5.0 (iPhone; CPU iPhone OS 16_0 like Mac OS X) AppleWebKit/605.1.15,access,View Dependents,success,2447f25e,fbf49333-168d-478c-990d-8a6d82b11152,325,absher_app,Saudi Arabia
2025-12-09T04:34:53.784763Z,Dana269,86.111.79.146,Dammam,iPhone 12,Mozilla/5.0 (iPhone; CPU iPhone OS 15_0 like Mac OS X) AppleWebKit/605.1.15,access,Check Visa Status,success,afabdad6,a567d708-648b-402b-af7c-fed173618bb9,367,absher_app,Saudi Arabia
2025-12-09T04:34:53.784790Z,Maha214,212.138.19.176,Riyadh,Samsung Galaxy S22,Mozilla/5.0 (Linux; Android 12; SM-S901B) AppleWebKit/537.36,access,View Appointments,success,5aad95ac,f2993762-68be-4933-8ece-2a2a8701be89,169,absher_app,Saudi Arabia
2025-12-09T04:35:10.784763Z,Dana269,86.111.243.196,Dammam,iPhone 12,Mozilla/5.0 (iPhone; CPU iPhone OS 15_0 like Mac OS X) AppleWebKit/605.1.15,access,Check Traffic Violations,success,afabdad6,cf5ff7de-647f-4737-a0af-91291ece781c,156,absher_app,Saudi Arabia
2025-12-09T04:35:36.784790Z,Maha214,212.138.109.30,Riyadh,Samsung Galaxy S22,Mozilla/5.0 (Linux; Android 12; SM-S901B) AppleWebKit/537.36,access,Check Passport Status,success,5aad95ac,f9aeb1bd-ce7f-48d9-b2ea-2859baffb18b,328,absher_app,Saudi Arabia
2025-12-09T04:36:14.784790Z,Maha214,212.138.233.69,Riyadh,Samsung Galaxy S22,Mozilla/5.0 (Linux; Android 12; SM-S901B) AppleWebKit/537.36,access,Renew Iqama,success,5aad95ac,44e7458b-451e-452e-9af4-3329a6769e3a,473,absher_app,Saudi Arabia
2025-12-09T04:36:30.784606Z,Dana204,94.99.120.112,Mecca,iPhone 13,Mozilla/5.0 (iPhone; CPU iPhone OS 16_0 like Mac OS X) AppleWebKit/605.1.15,access,View Appointments,success,2447f25e,7c74a1c0-36bb-466d-bfa2-c8dbe286f3bc,472,absher_app,Saudi Arabia
2025-12-09T04:36:40.784763Z,Dana269,86.111.68.170,Dammam,iPhone 12,Mozilla/5.0 (iPhone; CPU iPhone OS 15_0 like Mac OS X) AppleWebKit/605.1.15,access,Check Passport Status,success,afabdad6,88b00075-5552-46f4-b148-0bac2634b8a5,91,absher_app,Saudi Arabia
2025-12-09T04:37:10.784763Z,Dana269,86.111.45.142,Dammam,iPhone 12,Mozilla/5.0 (iPhone; CPU iPhone OS 15_0 like Mac OS X) AppleWebKit/605.1.15,access,Check Passport Status,success,afabdad6,13163124-17e8-4083-92c9-601f38b97b13,88,absher_app,Saudi Arabia
2025-12-09T04:38:13.784606Z,Dana204,94.99.83.219,Mecca,iPhone 13,Mozilla/5.0 (iPhone; CPU iPhone OS 16_0 like Mac OS X) AppleWebKit/605.1.15,access,View Dependents,success,2447f25e,7a4cac13-7fa8-4c55-9948-2369fb837eae,175,absher_app,Saudi Arabia
2025-12-09T04:40:09.784606Z,Dana204,94.99.72.226,Mecca,iPhone 13,Mozilla/5.0 (iPhone; CPU iPhone OS 16_0 like Mac OS X) AppleWebKit/605.1.15,access,Check Traffic Violations,success,2447f25e,0068e51c-4679-4c2b-b25d-401077b0c10d,280,absher_app,Saudi Arabia
2025-12-09T04:40:50.784606Z,Dana204,94.99.146.157,Mecca,iPhone 13,Mozilla/5.0 (iPhone; CPU iPhone OS 16_0 like Mac OS X) AppleWebKit/605.1.15,access,View Appointments,success,2447f25e,8cda32fc-1dd3-46c2-b4ba-fa18d890760e,392,absher_app,Saudi Arabia
2025-12-09T04:41:48.784606Z,Dana204,94.99.8.127,Mecca,iPhone 13,Mozilla/5.0 (iPhone; CPU iPhone OS 16_0 like Mac OS X) AppleWebKit/605.1.15,access,Download Certificate,success,2447f25e,eaa0e121-7432-420d-b240-11ff8ea4880e,485,absher_app,Saudi Arabia
2025-12-09T05:33:53.784578Z,Noura424,94.98.242.184,Tabuk,Mac,Mozilla/5.0 (Macintosh; Intel Mac OS X 10_15_7) AppleWebKit/537.36,login,Authentication,success,af58702e,632fd525-dd8f-4b78-8ffa-cfb4fd88b053,151,absher_web,Saudi Arabia
2025-12-09T05:33:53.784964Z,Ibrahim282,188.247.239.83,Jeddah,Samsung Galaxy S22,Mozilla/5.0 (Linux; Android 12; SM-S901B) AppleWebKit/537.36,login,Authentication,success,60be01be,21cb1a71-207f-4ea5-a61e-6a2a8a5a41d4,495,absher_app,Saudi Arabia
2025-12-09T05:33:53.785097Z,Omar923,94.98.3.145,Tabuk,Mac,Mozilla/5.0 (Macintosh; Intel Mac OS X 10_15_7) AppleWebKit/537.36,login,Authentication,success,6d2cd9f2,9131424c-22a2-49eb-ab2e-805857ad215f,492,absher_web,Saudi Arabia
2025-12-09T05:33:53.785940Z,Ibrahim640,86.111.15.2,Dammam,Windows PC,Mozilla/5.0 (Windows NT 10.0; Win64; x64) AppleWebKit/537.36,login,Authentication,success,62d34397,e1e9c9ac-0eea-4099-8c45-c91ace20475c,154,absher_web,Saudi Arabia
2025-12-09T05:34:00.784578Z,Noura424,94.98.27.179,Tabuk,Mac,Mozilla/5.0 (Macintosh; Intel Mac OS X 10_15_7) AppleWebKit/537.36,access,Check Passport Status,success,af58702e,0102fba0-4d5b-4779-b488-01be00430abc,445,absher_web,Saudi Arabia
2025-12-09T05:34:04.784964Z,Ibrahim282,188.247.147.99,Jeddah,Samsung Galaxy S22,Mozilla/5.0 (Linux; Android 12; SM-S901B) AppleWebKit/537.36,access,Check Passport Status,success,60be01be,bb678531-78ba-4dd1-978a-21e8369a59d9,169,absher_app,Saudi Arabia
2025-12-09T05:34:07.785940Z,Ibrahim640,86.111.197.36,Dammam,Windows PC,Mozilla/5.0 (Windows NT 10.0; Win64; x64) AppleWebKit/537.36,access,Check Passport Status,success,62d34397,1d4adaa5-8447-46e0-aa24-a258058dab0e,441,absher_web,Saudi Arabia
2025-12-09T05:34:19.785097Z,Omar923,94.98.234.156,Tabuk,Mac,Mozilla/5.0 (Macintosh; Intel Mac OS X 10_15_7) AppleWebKit/537.36,access,View Profile,success,6d2cd9f2,188385ac-42d0-4243-ac23-1313a0a333b1,431,absher_web,Saudi Arabia
2025-12-09T05:34:48.784578Z,Noura424,94.98.204.252,Tabuk,Mac,Mozilla/5.0 (Macintosh; Intel Mac OS X 10_15_7) AppleWebKit/537.36,access,Check Traffic Violations,success,af58702e,2262c84a-d41a-4687-b489-0a5ce623069b,339,absher_web,Saudi Arabia
2025-12-09T05:34:49.785940Z,Ibrahim640,86.111.84.31,Dammam,Windows PC,Mozilla/5.0 (Windows NT 10.0; Win64; x64) AppleWebKit/537.36,access,View Dependents,success,62d34397,38cc85bb-bcf7-4d47-a9ea-7d44357e6489,53,absher_web,Saudi Arabia
2025-12-09T05:35:32.785097Z,Omar923,94.98.199.205,Tabuk,Mac,Mozilla/5.0 (Macintosh; Intel Mac OS X 10_15_7) AppleWebKit/537.36,access,View Dependents,success,6d2cd9f2,75564721-0e15-4495-8f55-6e56faac9c39,167,absher_web,Saudi Arabia
2025-12-09T05:36:02.785940Z,Ibrahim640,86.111.45.34,Dammam,Windows PC,Mozilla/5.0 (Windows NT 10.0; Win64; x64) AppleWebKit/537.36,access,Check Visa Status,success,62d34397,3451b534-194a-4514-b289-0e85925f166e,244,absher_web,Saudi Arabia
2025-12-09T05:36:03.784964Z,Ibrahim282,188.247.12.82,Jeddah,Samsung Galaxy S22,Mozilla/5.0 (Linux; Android 12; SM-S901B) AppleWebKit/537.36,access,Check Visa Status,success,60be01be,8317003d-36cc-4424-a08e-979e45e2c58f,431,absher_app,Saudi Arabia
2025-12-09T05:36:38.784578Z,Noura424,94.98.89.137,Tabuk,Mac,Mozilla/5.0 (Macintosh; Intel Mac OS X 10_15_7) AppleWebKit/537.36,access,View Profile,success,af58702e,3479c7c8-70b2-407c-8607-9e7bbeb5f337,269,absher_web,Saudi Arabia
2025-12-09T05:36:59.785097Z,Omar923,94.98.57.163,Tabuk,Mac,Mozilla/5.0 (Macintosh; Intel Mac OS X 10_15_7) AppleWebKit/537.36,access,Download Certificate,success,6d2cd9f2,950a80cf-c27e-4011-8a56-7a67349589b8,147,absher_web,Saudi Arabia
2025-12-09T05:37:13.784964Z,Ibrahim282,188.247.99.254,Jeddah,Samsung Galaxy S22,Mozilla/5.0 (Linux; Android 12; SM-S901B) AppleWebKit/537.36,access,Check Visa Status,success,60be01be,e434733d-d9b2-409a-9281-82badc1da153,389,absher_app,Saudi Arabia
2025-12-09T05:37:20.785940Z,Ibrahim640,86.111.129.144,Dammam,Windows PC,Mozilla/5.0 (Windows NT 10.0; Win64; x64) AppleWebKit/537.36,access,Check Passport Status,success,62d34397,46b954ca-ea21-4a2d-a547-8fa97a258a1b,476,absher_web,Saudi Arabia
2025-12-09T05:38:12.784578Z,Noura424,94.98.18.130,Tabuk,Mac,Mozilla/5.0 (Macintosh; Intel Mac OS X 10_15_7) AppleWebKit/537.36,access,Download Certificate,success,af58702e,a16fcee0-484b-4e59-bc7d-8d2859c308b6,381,absher_web,Saudi Arabia
2025-12-09T05:38:55.785940Z,Ibrahim640,86.111.19.102,Dammam,Windows PC,Mozilla/5.0 (Windows NT 10.0; Win64; x64) AppleWebKit/537.36,access,Download Certificate,success,62d34397,c96dcd22-8265-41f9-af56-c1d90a2bfd94,491,absher_web,Saudi Arabia
2025-12-09T05:39:04.784964Z,Ibrahim282,188.247.127.247,Jeddah,Samsung Galaxy S22,Mozilla/5.0 (Linux; Android 12; SM-S901B) AppleWebKit/537.36,access,Renew Iqama,success,60be01be,90997aaa-e926-4e7a-a571-12b3f79e2879,68,absher_app,Saudi Arabia
2025-12-09T06:33:53.786123Z,Haya148,86.111.248.168,Dammam,iPhone 12,Mozilla/5.0 (iPhone; CPU iPhone OS 15_0 like Mac OS X) AppleWebKit/605.1.15,login,Authentication,success,09374160,5eac8af0-b392-473c-b6dc-a9783aa6bcc6,407,absher_app,Saudi Arabia
2025-12-09T06:34:19.786123Z,Haya148,86.111.34.153,Dammam,iPhone 12,Mozilla/5.0 (iPhone; CPU iPhone OS 15_0 like Mac OS X) AppleWebKit/605.1.15,access,Check Visa Status,success,09374160,573e2f8f-6f6a-4f2a-899f-ac94538ec14b,412,absher_app,Saudi Arabia
2025-12-09T06:34:39.786123Z,Haya148,86.111.144.97,Dammam,iPhone 12,Mozilla/5.0 (iPhone; CPU iPhone OS 15_0 like Mac OS X) AppleWebKit/605.1.15,access,View Dependents,success,09374160,e326effe-9da0-4e0e-bf48-952593bc72cd,379,absher_app,Saudi Arabia
2025-12-09T06:36:30.786123Z,Haya148,86.111.209.33,Dammam,iPhone 12,Mozilla/5.0 (iPhone; CPU iPhone OS 15_0 like Mac OS X) AppleWebKit/605.1.15,access,Download Certificate,success,09374160,575d2635-4139-49b3-a2bc-6ee7921a90a6,393,absher_app,Saudi Arabia
2025-12-09T08:33:53.785911Z,Noura183,188.247.84.199,Jeddah,Huawei P40,Mozilla/5.0 (Linux; Android 10; ELS-NX9) AppleWebKit/537.36,login,Authentication,success,1936642e,84a058a9-1bd1-410a-aaad-79c8722ecc80,340,absher_app,Saudi Arabia
2025-12-09T08:33:53.785979Z,Yousef779,212.138.104.6,Riyadh,iPhone 12,Mozilla/5.0 (iPhone; CPU iPhone OS 15_0 like Mac OS X) AppleWebKit/605.1.15,login,Authentication,success,e931cd0f,83e91023-3c81-4252-b0ab-417b2367bf83,216,absher_app,Saudi Arabia
2025-12-09T08:33:53.786286Z,Noura165,188.247.241.187,Jeddah,Mac,Mozilla/5.0 (Macintosh; Intel Mac OS X 10_15_7) AppleWebKit/537.36,login,Authentication,success,4acb915b,a4dc44a6-3253-4592-97c6-85936b30d99e,361,absher_web,Saudi Arabia
2025-12-09T08:34:03.785979Z,Yousef779,212.138.213.177,Riyadh,iPhone 12,Mozilla/5.0 (iPhone; CPU iPhone OS 15_0 like Mac OS X) AppleWebKit/605.1.15,access,View Appointments,success,e931cd0f,f550f4d8-5789-444d-9d17-f3e064effec9,235,absher_app,Saudi Arabia
2025-12-09T08:34:17.785911Z,Noura183,188.247.227.14,Jeddah,Huawei P40,Mozilla/5.0 (Linux; Android 10; ELS-NX9) AppleWebKit/537.36,access,Check Traffic Violations,success,1936642e,5fedf2b5-b86b-4c69-a3cb-4b15e0fc8c66,129,absher_app,Saudi Arabia
2025-12-09T08:34:47.785911Z,Noura183,188.247.173.21,Jeddah,Huawei P40,Mozilla/5.0 (Linux; Android 10; ELS-NX9) AppleWebKit/537.36,access,View Profile,success,1936642e,bc649b90-d23f-4d82-b799-b582f40816cf,189,absher_app,Saudi Arabia
2025-12-09T08:35:53.785911Z,Noura183,188.247.125.156,Jeddah,Huawei P40,Mozilla/5.0 (Linux; Android 10; ELS-NX9) AppleWebKit/537.36,access,Check Visa Status,success,1936642e,d938cb70-10e0-4295-a43a-79eb4714f278,276,absher_app,Saudi Arabia
2025-12-09T08:36:56.785911Z,Noura183,188.247.56.194,Jeddah,Huawei P40,Mozilla/5.0 (Linux; Android 10; ELS-NX9) AppleWebKit/537.36,access,View Dependents,success,1936642e,4c1cd76d-c4ed-49eb-aeea-59f02329ded9,312,absher_app,Saudi Arabia
2025-12-09T08:37:20.785911Z,Noura183,188.247.111.29,Jeddah,Huawei P40,Mozilla/5.0 (Linux; Android 10; ELS-NX9) AppleWebKit/537.36,access,Download Certificate,success,1936642e,ef564e78-7adf-493f-b6b9-1daf4603c73f,195,absher_app,Saudi Arabia
2025-12-09T08:38:53.786286Z,Noura165,188.247.136.109,Jeddah,Mac,Mozilla/5.0 (Macintosh; Intel Mac OS X 10_15_7) AppleWebKit/537.36,access,View Profile,success,4acb915b,af354e84-7467-49a0-bc5d-8f54628f2469,106,absher_web,Saudi Arabia
2025-12-09T08:38:56.785911Z,Noura183,188.247.135.171,Jeddah,Huawei P40,Mozilla/5.0 (Linux; Android 10; ELS-NX9) AppleWebKit/537.36,access,View Appointments,success,1936642e,3b9dc771-29c4-4222-a212-9055cf6e5d55,207,absher_app,Saudi Arabia
2025-12-09T09:03:53.786286Z,Noura165,51.140.78.32,London,iPhone 13,Mozilla/5.0 (iPhone; CPU iPhone OS 16_0 like Mac OS X) AppleWebKit/605.1.15,login,Authentication,success,491a1daa,bb517ff0-7fc6-419a-8bb2-8f99b73e7ad3,74,absher_app,UK
2025-12-09T09:05:53.786286Z,Noura165,51.140.108.164,London,iPhone 13,Mozilla/5.0 (iPhone; CPU iPhone OS 16_0 like Mac OS X) AppleWebKit/605.1.15,access,Update Mobile Number,success,491a1daa,2b5fc2d7-d914-45cb-bf2f-5eca2a2bd66c,456,absher_app,UK
2025-12-09T09:33:53.785066Z,Fatima822,188.247.3.231,Jeddah,iPhone 14,Mozilla/5.0 (iPhone; CPU iPhone OS 17_0 like Mac OS X) AppleWebKit/605.1.15,login,Authentication,success,871a1a7a,d8b5716d-e2f6-4c13-be31-1068d15b0da5,461,absher_app,Saudi Arabia
2025-12-09T09:33:53.785734Z,Maha214,212.138.252.38,Riyadh,Samsung Galaxy S22,Mozilla/5.0 (Linux; Android 12; SM-S901B) AppleWebKit/537.36,login,Authentication,success,5003ea4b,6bb010d8-6cbe-4d89-8032-22b0f6853e01,116,absher_app,Saudi Arabia
2025-12-09T09:33:53.785795Z,Khalid371,212.138.163.150,Riyadh,Samsung Galaxy S22,Mozilla/5.0 (Linux; Android 12; SM-S901B) AppleWebKit/537.36,login,Authentication,success,a2a244eb,e22b8094-ce84-46f0-9dd5-517ce17c2567,330,absher_app,Saudi Arabia
2025-12-09T09:33:53.786307Z,Sara779,94.99.17.29,Mecca,Huawei P40,Mozilla/5.0 (Linux; Android 10; ELS-NX9) AppleWebKit/537.36,login,Authentication,success,fcdbfc88,9f60f664-c8f6-4a50-8bc6-37018c335188,478,absher_app,Saudi Arabia
2025-12-09T09:34:12.785066Z,Fatima822,188.247.174.140,Jeddah,iPhone 14,Mozilla/5.0 (iPhone; CPU iPhone OS 17_0 like Mac OS X) AppleWebKit/605.1.15,access,View Dependents,success,871a1a7a,4ca11aa8-5c30-477c-bc57-55ba70f9914b,130,absher_app,Saudi Arabia
2025-12-09T09:34:15.785734Z,Maha214,212.138.205.45,Riyadh,Samsung Galaxy S22,Mozilla/5.0 (Linux; Android 12; SM-S901B) AppleWebKit/537.36,access,View Dependents,success,5003ea4b,66321798-2dc0-4c73-95b4-b0cb338427fe,106,absher_app,Saudi Arabia
2025-12-09T09:34:20.785795Z,Khalid371,212.138.98.153,Riyadh,Samsung Galaxy S22,Mozilla/5.0 (Linux; Android 12; SM-S901B) AppleWebKit/537.36,access,Download Certificate,success,a2a244eb,86d34602-89fc-4a12-a0bc-ea67fd8f7587,321,absher_app,Saudi Arabia
2025-12-09T09:34:31.785066Z,Fatima822,188.247.242.89,Jeddah,iPhone 14,Mozilla/5.0 (iPhone; CPU iPhone OS 17_0 like Mac OS X) AppleWebKit/605.1.15,access,View Appointments,success,871a1a7a,28d8e189-f641-4508-8e0c-2507f0108dce,350,absher_app,Saudi Arabia
2025-12-09T09:35:07.785795Z,Khalid371,212.138.130.155,Riyadh,Samsung Galaxy S22,Mozilla/5.0 (Linux; Android 12; SM-S901B) AppleWebKit/537.36,access,View Appointments,success,a2a244eb,09569877-fc6e-4a1e-8a34-c11a634e9f9a,270,absher_app,Saudi Arabia
2025-12-09T09:35:19.785066Z,Fatima822,188.247.177.65,Jeddah,iPhone 14,Mozilla/5.0 (iPhone; CPU iPhone OS 17_0 like Mac OS X) AppleWebKit/605.1.15,access,Check Visa Status,success,871a1a7a,a7a08518-5a39-4bd8-a68f-e763395eef94,283,absher_app,Saudi Arabia
2025-12-09T09:35:29.785795Z,Khalid371,212.138.219.168,Riyadh,Samsung Galaxy S22,Mozilla/5.0 (Linux; Android 12; SM-S901B) AppleWebKit/537.36,access,Check Traffic Violations,success,a2a244eb,0d69ed52-ab84-4bf9-8711-fa8d15b3ff04,383,absher_app,Saudi Arabia
2025-12-09T09:35:49.785734Z,Maha214,212.138.34.4,Riyadh,Samsung Galaxy S22,Mozilla/5.0 (Linux; Android 12; SM-S901B) AppleWebKit/537.36,access,View Profile,success,5003ea4b,159335f4-3024-48b0-bdbd-57b6ec3ef5c5,233,absher_app,Saudi Arabia
2025-12-09T09:37:17.785066Z,Fatima822,188.247.51.99,Jeddah,iPhone 14,Mozilla/5.0 (iPhone; CPU iPhone OS 17_0 like Mac OS X) AppleWebKit/605.1.15,access,View Dependents,success,871a1a7a,96dca6ed-b5ab-4117-b77d-ff062e641a69,486,absher_app,Saudi Arabia
2025-12-09T09:37:17.785795Z,Khalid371,212.138.111.116,Riyadh,Samsung Galaxy S22,Mozilla/5.0 (Linux; Android 12; SM-S901B) AppleWebKit/537.36,access,Check Passport Status,success,a2a244eb,565d4c84-81da-436d-bf9c-bf3b159f1e0e,166,absher_app,Saudi Arabia
2025-12-09T09:37:40.785734Z,Maha214,212.138.151.83,Riyadh,Samsung Galaxy S22,Mozilla/5.0 (Linux; Android 12; SM-S901B) AppleWebKit/537.36,access,Check Passport Status,success,5003ea4b,18c9d07c-2f4e-4e34-8cdc-93fb23854b2f,58,absher_app,Saudi Arabia
2025-12-09T09:38:12.785734Z,Maha214,212.138.14.33,Riyadh,Samsung Galaxy S22,Mozilla/5.0 (Linux; Android 12; SM-S901B) AppleWebKit/537.36,access,View Dependents,success,5003ea4b,014e7d4b-a3f9-47fd-a9e4-cb391d19160e,429,absher_app,Saudi Arabia
2025-12-09T09:38:19.785795Z,Khalid371,212.138.212.117,Riyadh,Samsung Galaxy S22,Mozilla/5.0 (Linux; Android 12; SM-S901B) AppleWebKit/537.36,access,Download Certificate,success,a2a244eb,9f9c76a1-9dc1-4533-9a10-6879812c625b,254,absher_app,Saudi Arabia
2025-12-09T09:38:28.785066Z,Fatima822,188.247.61.98,Jeddah,iPhone 14,Mozilla/5.0 (iPhone; CPU iPhone OS 17_0 like Mac OS X) AppleWebKit/605.1.15,access,Check Traffic Violations,success,871a1a7a,3ee216bc-1a75-4c71-bb08-fd81d67f16da,342,absher_app,Saudi Arabia
2025-12-09T09:38:53.786307Z,Sara779,94.99.232.128,Mecca,Huawei P40,Mozilla/5.0 (Linux; Android 10; ELS-NX9) AppleWebKit/537.36,access,View Profile,success,fcdbfc88,490c9144-0a57-4833-ad8f-552f8a6a9c04,355,absher_app,Saudi Arabia
2025-12-09T09:39:15.785734Z,Maha214,212.138.191.17,Riyadh,Samsung Galaxy S22,Mozilla/5.0 (Linux; Android 12; SM-S901B) AppleWebKit/537.36,access,Check Traffic Violations,success,5003ea4b,439083de-3f8b-4cc4-80ab-09f6bf7bad1b,293,absher_app,Saudi Arabia
2025-12-09T09:39:23.785066Z,Fatima822,188.247.180.76,Jeddah,iPhone 14,Mozilla/5.0 (iPhone; CPU iPhone OS 17_0 like Mac OS X) AppleWebKit/605.1.15,access,View Dependents,success,871a1a7a,67d882f9-d4b5-40cb-8009-61769cdf4a92,61,absher_app,Saudi Arabia
2025-12-09T09:40:22.785734Z,Maha214,212.138.132.152,Riyadh,Samsung Galaxy S22,Mozilla/5.0 (Linux; Android 12; SM-S901B) AppleWebKit/537.36,access,Download Certificate,success,5003ea4b,3e494676-8cb7-47c5-a439-96ff2d623d94,105,absher_app,Saudi Arabia
2025-12-09T09:41:29.785734Z,Maha214,212.138.243.158,Riyadh,Samsung Galaxy S22,Mozilla/5.0 (Linux; Android 12; SM-S901B) AppleWebKit/537.36,access,Check Passport Status,success,5003ea4b,4b155773-01b5-4a81-9c93-10af6967ee05,72,absher_app,Saudi Arabia
2025-12-09T10:03:53.786307Z,Sara779,41.58.162.132,Lagos,iPhone 14,Mozilla/5.0 (iPhone; CPU iPhone OS 17_0 like Mac OS X) AppleWebKit/605.1.15,login,Authentication,success,d3adead8,68ab0f98-9eda-4254-9ca0-4bb8d4ad66dc,344,absher_app,Nigeria
2025-12-09T10:05:53.786307Z,Sara779,41.58.184.37,Lagos,iPhone 14,Mozilla/5.0 (iPhone; CPU iPhone OS 17_0 like Mac OS X) AppleWebKit/605.1.15,access,Update Mobile Number,success,d3adead8,1b37d17c-6577-4a00-8360-8eb31c450e30,199,absher_app,Nigeria
2025-12-09T12:33:53.786217Z,Reem422,212.138.22.196,Riyadh,Mac,Mozilla/5.0 (Macintosh; Intel Mac OS X 10_15_7) AppleWebKit/537.36,login,Authentication,success,dd0cd839,f274ed6c-774e-4163-a283-819ca6aa3cd3,132,absher_web,Saudi Arabia
2025-12-09T12:33:53.786264Z,Haya925,212.138.235.213,Riyadh,Windows PC,Mozilla/5.0 (Windows NT 10.0; Win64; x64) AppleWebKit/537.36,login,Authentication,success,c06fa63c,447f6bc3-4b46-4e55-9366-e34530ab4c6e,291,absher_web,Saudi Arabia
2025-12-09T12:38:53.786217Z,Reem422,212.138.70.116,Riyadh,Mac,Mozilla/5.0 (Macintosh; Intel Mac OS X 10_15_7) AppleWebKit/537.36,access,View Profile,success,dd0cd839,764b11e5-8b8e-4db0-b43b-042be43d0279,312,absher_web,Saudi Arabia
2025-12-09T12:38:53.786264Z,Haya925,212.138.179.213,Riyadh,Windows PC,Mozilla/5.0 (Windows NT 10.0; Win64; x64) AppleWebKit/537.36,access,View Profile,success,c06fa63c,e2fca7d9-ea36-4f52-9476-3a963d9dd9ac,121,absher_web,Saudi Arabia
2025-12-09T13:03:53.786217Z,Reem422,94.200.112.24,Dubai,Windows PC,Mozilla/5.0 (Windows NT 10.0; Win64; x64) AppleWebKit/537.36,login,Authentication,success,320c2052,f7885349-6073-44bc-ba9d-a8f1cc22a346,163,absher_web,UAE
2025-12-09T13:03:53.786264Z,Haya925,185.220.115.158,Unknown,Samsung Galaxy S23,Mozilla/5.0 (Linux; Android 13; SM-S911B) AppleWebKit/537.36,login,Authentication,success,a57dd97a,bab75d92-72dc-48a4-9b10-cb2979faa178,52,absher_app,VPN/Tor
2025-12-09T13:05:53.786217Z,Reem422,94.200.227.90,Dubai,Windows PC,Mozilla/5.0 (Windows NT 10.0; Win64; x64) AppleWebKit/537.36,access,Cancel Visa,success,320c2052,f2ca2413-4bd6-4d52-b106-f882cd256757,63,absher_web,UAE
2025-12-09T13:05:53.786264Z,Haya925,185.220.5.66,Unknown,Samsung Galaxy S23,Mozilla/5.0 (Linux; Android 13; SM-S911B) AppleWebKit/537.36,access,Issue Exit Reentry,success,a57dd97a,f1157859-f8e4-4984-9a08-80054d60d86d,160,absher_app,VPN/Tor
2025-12-09T13:33:53.785203Z,Nasser756,188.247.117.95,Jeddah,Huawei P40,Mozilla/5.0 (Linux; Android 10; ELS-NX9) AppleWebKit/537.36,login,Authentication,success,026bc4b3,53cc0b1d-a5b2-42f1-a069-21ce7bedb5df,393,absher_app,Saudi Arabia
2025-12-09T13:33:53.786167Z,Sara779,94.99.97.40,Mecca,Huawei P40,Mozilla/5.0 (Linux; Android 10; ELS-NX9) AppleWebKit/537.36,login,Authentication,success,69ebda9a,5cb9e8b9-d84b-42e6-980b-f85a1039fc44,133,absher_app,Saudi Arabia
2025-12-09T13:33:53.786327Z,Lama438,41.58.91.62,Lagos,Windows PC,Mozilla/5.0 (Windows NT 10.0; Win64; x64) AppleWebKit/537.36,login,Authentication,failed,a9606e0f,9ebcc254-9b2c-45d9-8c96-f02f09601129,953,absher_web,Nigeria
2025-12-09T13:33:55.786327Z,Fahad567,41.58.91.62,Lagos,Windows PC,Mozilla/5.0 (Windows NT 10.0; Win64; x64) AppleWebKit/537.36,login,Authentication,failed,da701220,e3e02a6c-1c9c-46a7-9d83-e5df6f8ae62c,1468,absher_web,Nigeria
2025-12-09T13:33:56.786327Z,Faisal436,41.58.91.62,Lagos,Windows PC,Mozilla/5.0 (Windows NT 10.0; Win64; x64) AppleWebKit/537.36,login,Authentication,failed,b83c0381,adaab99e-e8d9-4269-be1f-e3a68f968de5,838,absher_web,Nigeria
2025-12-09T13:33:57.786327Z,Faisal436,41.58.91.62,Lagos,Windows PC,Mozilla/5.0 (Windows NT 10.0; Win64; x64) AppleWebKit/537.36,login,Authentication,failed,93bbe9f6,c3a5f23b-1346-4b0e-9aa2-1b77deac6d6f,1214,absher_web,Nigeria
2025-12-09T13:34:02.786327Z,Lama984,41.58.91.62,Lagos,Windows PC,Mozilla/5.0 (Windows NT 10.0; Win64; x64) AppleWebKit/537.36,login,Authentication,failed,44bad4cf,718a49e7-f23e-4101-8c73-8825d31d0a33,1234,absher_web,Nigeria
2025-12-09T13:34:03.786167Z,Sara779,94.99.185.113,Mecca,Huawei P40,Mozilla/5.0 (Linux; Android 10; ELS-NX9) AppleWebKit/537.36,access,Renew Iqama,success,69ebda9a,fab9a400-caea-47e3-b3b6-c576aa04f00f,72,absher_app,Saudi Arabia
2025-12-09T13:34:03.786327Z,Majed423,41.58.91.62,Lagos,Windows PC,Mozilla/5.0 (Windows NT 10.0; Win64; x64) AppleWebKit/537.36,login,Authentication,success,feef3a8d,e9a55f64-5d57-47cd-a1d6-78cdf5d87131,497,absher_web,Nigeria
2025-12-09T13:34:13.786327Z,Majed423,41.58.91.62,Lagos,Windows PC,Mozilla/5.0 (Windows NT 10.0; Win64; x64) AppleWebKit/537.36,access,Change Password,success,feef3a8d,a1d0dfb8-f7e8-4766-af22-a4943837148f,290,absher_web,Nigeria
2025-12-09T13:34:21.785203Z,Nasser756,188.247.151.191,Jeddah,Huawei P40,Mozilla/5.0 (Linux; Android 10; ELS-NX9) AppleWebKit/537.36,access,Check Visa Status,success,026bc4b3,777232a6-32be-4660-bd49-91b3bdb5be1e,422,absher_app,Saudi Arabia
2025-12-09T13:34:50.785203Z,Nasser756,188.247.168.26,Jeddah,Huawei P40,Mozilla/5.0 (Linux; Android 10; ELS-NX9) AppleWebKit/537.36,access,Check Visa Status,success,026bc4b3,172b4d7c-570b-4321-94ad-d875f68d459d,476,absher_app,Saudi Arabia
2025-12-09T13:35:05.786167Z,Sara779,94.99.174.185,Mecca,Huawei P40,Mozilla/5.0 (Linux; Android 10; ELS-NX9) AppleWebKit/537.36,access,Download Certificate,success,69ebda9a,50e2d8ae-7786-4949-afe5-e52c7097f662,171,absher_app,Saudi Arabia
2025-12-09T13:36:02.785203Z,Nasser756,188.247.241.244,Jeddah,Huawei P40,Mozilla/5.0 (Linux; Android 10; ELS-NX9) AppleWebKit/537.36,access,Check Visa Status,success,026bc4b3,193330de-dabd-4404-ac70-f0a0c4b3c4d0,193,absher_app,Saudi Arabia
2025-12-09T13:36:11.786167Z,Sara779,94.99.193.192,Mecca,Huawei P40,Mozilla/5.0 (Linux; Android 10; ELS-NX9) AppleWebKit/537.36,access,View Dependents,success,69ebda9a,6932b06b-0ad5-4cff-8d29-a0277de54370,451,absher_app,Saudi Arabia
2025-12-09T13:36:16.785203Z,Nasser756,188.247.56.114,Jeddah,Huawei P40,Mozilla/5.0 (Linux; Android 10; ELS-NX9) AppleWebKit/537.36,access,Download Certificate,success,026bc4b3,191ce0a2-9349-42fe-b945-1f661d936f11,277,absher_app,Saudi Arabia
2025-12-09T13:37:18.786167Z,Sara779,94.99.137.62,Mecca,Huawei P40,Mozilla/5.0 (Linux; Android 10; ELS-NX9) AppleWebKit/537.36,access,Check Passport Status,success,69ebda9a,2a6c41b7-56d6-4a10-b4bc-4a3a9b02affe,208,absher_app,Saudi Arabia
2025-12-09T13:39:11.786167Z,Sara779,94.99.232.214,Mecca,Huawei P40,Mozilla/5.0 (Linux; Android 10; ELS-NX9) AppleWebKit/537.36,access,View Appointments,success,69ebda9a,802b735e-7272-44e8-9699-2e236def8c6f,149,absher_app,Saudi Arabia
2025-12-09T14:33:53.785150Z,Ali159,188.247.247.20,Jeddah,iPhone 14,Mozilla/5.0 (iPhone; CPU iPhone OS 17_0 like Mac OS X) AppleWebKit/605.1.15,login,Authentication,success,6d4c027d,706a7b9f-efc7-4749-94f5-0ae63bedb83f,122,absher_app,Saudi Arabia
2025-12-09T14:33:53.785225Z,Faisal222,86.110.95.140,Khobar,Samsung Galaxy S23,Mozilla/5.0 (Linux; Android 13; SM-S911B) AppleWebKit/537.36,login,Authentication,success,e81f52c9,afe4cc47-11bb-404c-bc34-654f71c5a970,380,absher_app,Saudi Arabia
2025-12-09T14:33:53.785822Z,Faisal888,188.247.110.81,Jeddah,iPhone 14,Mozilla/5.0 (iPhone; CPU iPhone OS 17_0 like Mac OS X) AppleWebKit/605.1.15,login,Authentication,success,a1f8c185,98c83faa-34ea-43b4-b7da-10956e19e894,390,absher_app,Saudi Arabia
2025-12-09T14:33:53.785990Z,Ali803,94.99.112.151,Mecca,Samsung Galaxy S22,Mozilla/5.0 (Linux; Android 12; SM-S901B) AppleWebKit/537.36,login,Authentication,success,c608f5dc,acddfb10-5a4c-4d39-9bcc-c3d4d89928db,255,absher_app,Saudi Arabia
2025-12-09T14:34:06.785822Z,Faisal888,188.247.245.40,Jeddah,iPhone 14,Mozilla/5.0 (iPhone; CPU iPhone OS 17_0 like Mac OS X) AppleWebKit/605.1.15,access,Download Certificate,success,a1f8c185,b0b2cf18-a413-42ce-b63f-252a1b95e0aa,401,absher_app,Saudi Arabia
2025-12-09T14:34:09.785225Z,Faisal222,86.110.102.71,Khobar,Samsung Galaxy S23,Mozilla/5.0 (Linux; Android 13; SM-S911B) AppleWebKit/537.36,access,View Profile,success,e81f52c9,def9dae7-05af-4fef-a535-13a8a83c2151,147,absher_app,Saudi Arabia
2025-12-09T14:34:14.785990Z,Ali803,94.99.102.223,Mecca,Samsung Galaxy S22,Mozilla/5.0 (Linux; Android 12; SM-S901B) AppleWebKit/537.36,access,Check Traffic Violations,success,c608f5dc,30bbbc75-7cee-41c4-9fea-525411f02ff1,208,absher_app,Saudi Arabia
2025-12-09T14:34:22.785150Z,Ali159,188.247.221.174,Jeddah,iPhone 14,Mozilla/5.0 (iPhone; CPU iPhone OS 17_0 like Mac OS X) AppleWebKit/605.1.15,access,Check Passport Status,success,6d4c027d,204f7d6a-36dc-4e48-aad6-057001fe20ff,420,absher_app,Saudi Arabia
2025-12-09T14:34:34.785225Z,Faisal222,86.110.24.170,Khobar,Samsung Galaxy S23,Mozilla/5.0 (Linux; Android 13; SM-S911B) AppleWebKit/537.36,access,View Appointments,success,e81f52c9,e15e106b-e328-4756-bc51-fc1fd2136b01,158,absher_app,Saudi Arabia
2025-12-09T14:35:16.785822Z,Faisal888,188.247.24.213,Jeddah,iPhone 14,Mozilla/5.0 (iPhone; CPU iPhone OS 17_0 like Mac OS X) AppleWebKit/605.1.15,access,Check Traffic Violations,success,a1f8c185,0538f0b3-8c8b-409d-a17f-3fa3264e7c33,93,absher_app,Saudi Arabia
2025-12-09T14:35:37.785822Z,Faisal888,188.247.25.191,Jeddah,iPhone 14,Mozilla/5.0 (iPhone; CPU iPhone OS 17_0 like Mac OS X) AppleWebKit/605.1.15,access,Check Visa Status,success,a1f8c185,97079779-8b43-4b04-a1a8-b010d0600846,428,absher_app,Saudi Arabia
2025-12-09T14:35:58.785150Z,Ali159,188.247.248.217,Jeddah,iPhone 14,Mozilla/5.0 (iPhone; CPU iPhone OS 17_0 like Mac OS X) AppleWebKit/605.1.15,access,Check Visa Status,success,6d4c027d,8cf18e17-4bbb-458e-969e-2c4cbac16929,461,absher_app,Saudi Arabia
2025-12-09T14:35:59.785990Z,Ali803,94.99.57.86,Mecca,Samsung Galaxy S22,Mozilla/5.0 (Linux; Android 12; SM-S901B) AppleWebKit/537.36,access,Download Certificate,success,c608f5dc,f7ff3a05-d7fe-4a21-8361-f4665d7e74fc,448,absher_app,Saudi Arabia
2025-12-09T14:36:06.785225Z,Faisal222,86.110.13.202,Khobar,Samsung Galaxy S23,Mozilla/5.0 (Linux; Android 13; SM-S911B) AppleWebKit/537.36,access,View Profile,success,e81f52c9,15c552ae-25a2-473b-8eef-6b8cfb49f141,220,absher_app,Saudi Arabia
2025-12-09T14:36:47.785225Z,Faisal222,86.110.202.145,Khobar,Samsung Galaxy S23,Mozilla/5.0 (Linux; Android 13; SM-S911B) AppleWebKit/537.36,access,Renew Iqama,success,e81f52c9,a5c9f620-e543-42c2-8383-afa9bcd4a36b,155,absher_app,Saudi Arabia
2025-12-09T14:37:05.785225Z,Faisal222,86.110.151.56,Khobar,Samsung Galaxy S23,Mozilla/5.0 (Linux; Android 13; SM-S911B) AppleWebKit/537.36,access,Check Passport Status,success,e81f52c9,4a95eab3-a7b8-4b25-9b74-dbcdc44830ce,466,absher_app,Saudi Arabia
2025-12-09T14:37:19.785150Z,Ali159,188.247.24.203,Jeddah,iPhone 14,Mozilla/5.0 (iPhone; CPU iPhone OS 17_0 like Mac OS X) AppleWebKit/605.1.15,access,Download Certificate,success,6d4c027d,b842a812-d91e-4ea8-9e30-e73616d32f58,252,absher_app,Saudi Arabia
2025-12-09T14:37:30.785150Z,Ali159,188.247.138.32,Jeddah,iPhone 14,Mozilla/5.0 (iPhone; CPU iPhone OS 17_0 like Mac OS X) AppleWebKit/605.1.15,access,View Dependents,success,6d4c027d,bf8fcb46-8939-490e-b707-b911b7d41e9f,282,absher_app,Saudi Arabia
2025-12-09T14:37:44.785225Z,Faisal222,86.110.199.38,Khobar,Samsung Galaxy S23,Mozilla/5.0 (Linux; Android 13; SM-S911B) AppleWebKit/537.36,access,Download Certificate,success,e81f52c9,ba119e70-1421-4f54-8249-aeaae346f667,453,absher_app,Saudi Arabia
2025-12-09T16:33:53.784812Z,Haya396,95.186.203.79,Abha,Samsung Galaxy S23,Mozilla/5.0 (Linux; Android 13; SM-S911B) AppleWebKit/537.36,login,Authentication,success,94f7297b,53586a4c-41c5-4c87-a3b8-e5bcc57cf499,354,absher_app,Saudi Arabia
2025-12-09T16:33:53.786054Z,Haya233,94.99.95.213,Mecca,Samsung Galaxy S22,Mozilla/5.0 (Linux; Android 12; SM-S901B) AppleWebKit/537.36,login,Authentication,success,ac138cf9,a10c3b98-0463-4b5b-8549-b51371de6469,196,absher_app,Saudi Arabia
2025-12-09T16:33:53.786243Z,Yousef779,212.138.102.129,Riyadh,iPhone 12,Mozilla/5.0 (iPhone; CPU iPhone OS 15_0 like Mac OS X) AppleWebKit/605.1.15,login,Authentication,success,f7a04ce9,7c75511e-fae6-4b9c-9015-4a5f9f8ee264,241,absher_app,Saudi Arabia
2025-12-09T16:33:53.786369Z,Hassan169,95.173.252.96,Moscow,Windows PC,Mozilla/5.0 (Windows NT 10.0; Win64; x64) AppleWebKit/537.36,login,Authentication,failed,9cfa7891,518f94f0-dba2-4e60-bba2-a5740f1d85d1,1630,absher_web,Russia
2025-12-09T16:33:53.786464Z,Noura183,51.140.70.32,London,Windows PC,Mozilla/5.0 (Windows NT 10.0; Win64; x64) AppleWebKit/537.36,login,Authentication,failed,fdb6e13f,0e7ffa91-94b4-48dc-bad5-c346e4d27918,994,absher_web,UK
2025-12-09T16:33:54.786369Z,Abdullah971,95.173.252.96,Moscow,Windows PC,Mozilla/5.0 (Windows NT 10.0; Win64; x64) AppleWebKit/537.36,login,Authentication,failed,313da6e9,8a7d9d77-972a-4222-9fd8-ff8c43eb301f,1714,absher_web,Russia
2025-12-09T16:33:55.786369Z,Ahmed698,95.173.252.96,Moscow,Windows PC,Mozilla/5.0 (Windows NT 10.0; Win64; x64) AppleWebKit/537.36,login,Authentication,failed,7e5a70ec,037e5999-34f2-4585-927c-2c28e58e77d8,593,absher_web,Russia
2025-12-09T16:33:56.786369Z,Mohammed503,95.173.252.96,Moscow,Windows PC,Mozilla/5.0 (Windows NT 10.0; Win64; x64) AppleWebKit/537.36,login,Authentication,failed,247a3fd1,cb9ffd0d-7804-4fbb-8658-02cec89a463c,1291,absher_web,Russia
2025-12-09T16:33:57.786464Z,Sultan651,51.140.70.32,London,Windows PC,Mozilla/5.0 (Windows NT 10.0; Win64; x64) AppleWebKit/537.36,login,Authentication,failed,2cebe09c,69bddefa-59bb-4612-9beb-c0778e8415da,1000,absher_web,UK
2025-12-09T16:33:59.786369Z,Aisha508,95.173.252.96,Moscow,Windows PC,Mozilla/5.0 (Windows NT 10.0; Win64; x64) AppleWebKit/537.36,login,Authentication,failed,d7444d27,af04dcdf-8547-4eb1-9ad3-963d64e3fa75,190,absher_web,Russia
2025-12-09T16:34:00.786054Z,Haya233,94.99.158.153,Mecca,Samsung Galaxy S22,Mozilla/5.0 (Linux; Android 12; SM-S901B) AppleWebKit/537.36,access,Check Traffic Violations,success,ac138cf9,a4c4e21e-cbe9-41c3-b9b6-8f43d5fe8dfe,309,absher_app,Saudi Arabia
2025-12-09T16:34:01.786464Z,Ali159,51.140.70.32,London,Windows PC,Mozilla/5.0 (Windows NT 10.0; Win64; x64) AppleWebKit/537.36,login,Authentication,failed,f6488bc3,143521ae-1326-4596-bce5-d970b9605b0c,482,absher_web,UK
2025-12-09T16:34:02.786369Z,Ibrahim282,95.173.252.96,Moscow,Windows PC,Mozilla/5.0 (Windows NT 10.0; Win64; x64) AppleWebKit/537.36,login,Authentication,failed,1dd236c1,2efdec38-fea7-4d0c-be78-aaf031c3424c,793,absher_web,Russia
2025-12-09T16:34:04.786369Z,Khalid987,95.173.252.96,Moscow,Windows PC,Mozilla/5.0 (Windows NT 10.0; Win64; x64) AppleWebKit/537.36,login,Authentication,failed,cf74e1e8,d3e7c3a0-7912-48e8-8138-f3206999d6be,1502,absher_web,Russia
2025-12-09T16:34:05.786464Z,Majed365,51.140.70.32,London,Windows PC,Mozilla/5.0 (Windows NT 10.0; Win64; x64) AppleWebKit/537.36,login,Authentication,failed,a88f81c9,a07f97bb-49af-4a28-94ea-7029381c441d,1118,absher_web,UK
2025-12-09T16:34:08.786369Z,Turki741,95.173.252.96,Moscow,Windows PC,Mozilla/5.0 (Windows NT 10.0; Win64; x64) AppleWebKit/537.36,login,Authentication,failed,96c236c7,20da3337-84cd-47e9-8749-d4114fb8809b,1080,absher_web,Russia
2025-12-09T16:34:08.786464Z,Nasser412,51.140.70.32,London,Windows PC,Mozilla/5.0 (Windows NT 10.0; Win64; x64) AppleWebKit/537.36,login,Authentication,failed,25fb5fa9,6f6f3a47-801e-40e0-9574-5e4050280d58,646,absher_web,UK
2025-12-09T16:34:09.786464Z,Faisal888,51.140.70.32,London,Windows PC,Mozilla/5.0 (Windows NT 10.0; Win64; x64) AppleWebKit/537.36,login,Authentication,failed,b21d820d,3772ce1b-3cfd-4461-bba5-e98034ac1c27,969,absher_web,UK
2025-12-09T16:34:10.786369Z,Aisha508,95.173.252.96,Moscow,Windows PC,Mozilla/5.0 (Windows NT 10.0; Win64; x64) AppleWebKit/537.36,login,Authentication,failed,6ba70914,31745b1f-7917-45d6-8c11-a1b1fabbc1f2,229,absher_web,Russia
2025-12-09T16:34:10.786464Z,Ali803,51.140.70.32,London,Windows PC,Mozilla/5.0 (Windows NT 10.0; Win64; x64) AppleWebKit/537.36,login,Authentication,failed,7ecccab7,81025259-e201-44e0-9cc5-d88255bd4536,1333,absher_web,UK
2025-12-09T16:34:12.786464Z,Ibrahim282,51.140.70.32,London,Windows PC,Mozilla/5.0 (Windows NT 10.0; Win64; x64) AppleWebKit/537.36,login,Authentication,failed,307ae5c8,fb56c8d4-b832-4965-b446-0b81a098d357,701,absher_web,UK
2025-12-09T16:34:14.786369Z,Haya925,95.173.252.96,Moscow,Windows PC,Mozilla/5.0 (Windows NT 10.0; Win64; x64) AppleWebKit/537.36,login,Authentication,failed,309cb603,2a2c92d6-6b36-47b6-ad98-199b63b916c4,700,absher_web,Russia
2025-12-09T16:34:15.786464Z,Hassan801,51.140.70.32,London,Windows PC,Mozilla/5.0 (Windows NT 10.0; Win64; x64) AppleWebKit/537.36,login,Authentication,failed,67e53ffd,d47e7aea-0960-41e2-aa30-af6b78cfa588,263,absher_web,UK
2025-12-09T16:34:16.786369Z,Ali881,95.173.252.96,Moscow,Windows PC,Mozilla/5.0 (Windows NT 10.0; Win64; x64) AppleWebKit/537.36,login,Authentication,failed,d856a0f0,6755d6fd-2850-41d8-a1bb-c4330798fad7,1720,absher_web,Russia
2025-12-09T16:34:18.786369Z,Ali881,95.173.252.96,Moscow,Windows PC,Mozilla/5.0 (Windows NT 10.0; Win64; x64) AppleWebKit/537.36,login,Authentication,failed,bb004487,e6a5807e-ed65-4e4f-9e61-8b6008e4075e,746,absher_web,Russia
2025-12-09T16:34:18.786464Z,Omar923,51.140.70.32,London,Windows PC,Mozilla/5.0 (Windows NT 10.0; Win64; x64) AppleWebKit/537.36,login,Authentication,failed,d3d94cd5,3d4681d5-be76-47a9-b92b-2d54644baecb,705,absher_web,UK
2025-12-09T16:34:21.784812Z,Haya396,95.186.113.32,Abha,Samsung Galaxy S23,Mozilla/5.0 (Linux; Android 13; SM-S911B) AppleWebKit/537.36,access,View Dependents,success,94f7297b,d806b705-f4bc-4787-8614-cbf0250757a0,289,absher_app,Saudi Arabia
2025-12-09T16:34:21.786369Z,Faisal993,95.173.252.96,Moscow,Windows PC,Mozilla/5.0 (Windows NT 10.0; Win64; x64) AppleWebKit/537.36,login,Authentication,failed,e5b9e18b,cd008af1-f2bf-479f-b390-ad9674c5cfa9,915,absher_web,Russia
2025-12-09T16:34:21.786464Z,Haya233,51.140.70.32,London,Windows PC,Mozilla/5.0 (Windows NT 10.0; Win64; x64) AppleWebKit/537.36,login,Authentication,failed,c21d912c,0b40f6a4-7ac4-412e-8e0b-5263da811a6c,1334,absher_web,UK
2025-12-09T16:34:25.786464Z,Fahad400,51.140.70.32,London,Windows PC,Mozilla/5.0 (Windows NT 10.0; Win64; x64) AppleWebKit/537.36,login,Authentication,failed,d31d9d7f,a559067f-95dd-4197-b04b-10bd285807cd,1512,absher_web,UK
2025-12-09T16:34:26.786369Z,Yousef473,95.173.252.96,Moscow,Windows PC,Mozilla/5.0 (Windows NT 10.0; Win64; x64) AppleWebKit/537.36,login,Authentication,failed,a6e1dcf6,823a0a9c-d9ab-4981-9d77-c3acffc29ca1,618,absher_web,Russia
2025-12-09T16:34:27.786369Z,Sultan597,95.173.252.96,Moscow,Windows PC,Mozilla/5.0 (Windows NT 10.0; Win64; x64) AppleWebKit/537.36,login,Authentication,failed,06908837,967ee17e-eb4e-456b-a9f6-1a325b517b53,1424,absher_web,Russia
2025-12-09T16:34:29.786369Z,Dana155,95.173.252.96,Moscow,Windows PC,Mozilla/5.0 (Windows NT 10.0; Win64; x64) AppleWebKit/537.36,login,Authentication,success,32d5b8b6,d29d0916-b7c3-484d-826e-a47cb8723f4b,232,absher_web,Russia
2025-12-09T16:34:29.786464Z,Ahmed698,51.140.70.32,London,Windows PC,Mozilla/5.0 (Windows NT 10.0; Win64; x64) AppleWebKit/537.36,login,Authentication,failed,5c57add7,7f20c499-5f02-46f1-be1c-79d9b04450d5,1015,absher_web,UK
2025-12-09T16:34:30.786464Z,Faisal888,51.140.70.32,London,Windows PC,Mozilla/5.0 (Windows NT 10.0; Win64; x64) AppleWebKit/537.36,login,Authentication,failed,08c585ce,c8cb2335-96e7-41ab-9c2d-130aaa6a14fa,1881,absher_web,UK
2025-12-09T16:34:33.786464Z,Lama318,51.140.70.32,London,Windows PC,Mozilla/5.0 (Windows NT 10.0; Win64; x64) AppleWebKit/537.36,login,Authentication,failed,dcd89a54,e2feef39-0902-49f6-86ed-039e782dd4da,990,absher_web,UK
2025-12-09T16:34:36.786464Z,Hassan586,51.140.70.32,London,Windows PC,Mozilla/5.0 (Windows NT 10.0; Win64; x64) AppleWebKit/537.36,login,Authentication,success,958e31dd,d3270724-bf14-4847-ad1a-3935b74939cc,455,absher_web,UK
2025-12-09T16:34:39.786369Z,Dana155,95.173.252.96,Moscow,Windows PC,Mozilla/5.0 (Windows NT 10.0; Win64; x64) AppleWebKit/537.36,access,Change Password,success,32d5b8b6,95aaf5f8-1237-4072-a1f8-05a359e72f61,491,absher_web,Russia
2025-12-09T16:34:46.786464Z,Hassan586,51.140.70.32,London,Windows PC,Mozilla/5.0 (Windows NT 10.0; Win64; x64) AppleWebKit/537.36,access,Change Password,success,958e31dd,0e7b9d5b-2420-4aae-b670-d834af1eacf9,79,absher_web,UK
2025-12-09T16:35:59.784812Z,Haya396,95.186.180.104,Abha,Samsung Galaxy S23,Mozilla/5.0 (Linux; Android 13; SM-S911B) AppleWebKit/537.36,access,View Dependents,success,94f7297b,dd447eb8-a1d7-4677-bad4-6cdeb503f543,189,absher_app,Saudi Arabia
2025-12-09T16:38:53.786243Z,Yousef779,212.138.61.99,Riyadh,iPhone 12,Mozilla/5.0 (iPhone; CPU iPhone OS 15_0 like Mac OS X) AppleWebKit/605.1.15,access,View Profile,success,f7a04ce9,c19dbdd3-8024-422f-8c7f-7cb3cfa54085,91,absher_app,Saudi Arabia
2025-12-09T17:03:53.786243Z,Yousef779,51.140.8.82,London,iPhone 13,Mozilla/5.0 (iPhone; CPU iPhone OS 16_0 like Mac OS X) AppleWebKit/605.1.15,login,Authentication,success,2d8648ee,06e39be4-6617-49f8-af72-843b247bc36a,100,absher_app,UK
2025-12-09T17:05:53.786243Z,Yousef779,51.140.203.38,London,iPhone 13,Mozilla/5.0 (iPhone; CPU iPhone OS 16_0 like Mac OS X) AppleWebKit/605.1.15,access,Remove Dependent,success,2d8648ee,6edc7183-64fc-4b69-9d73-fd38b7b78acb,120,absher_app,UK
2025-12-09T17:33:53.784734Z,Hassan801,212.138.73.121,Riyadh,iPhone 14,Mozilla/5.0 (iPhone; CPU iPhone OS 17_0 like Mac OS X) AppleWebKit/605.1.15,login,Authentication,success,245930b5,9408b301-5701-4889-9ae6-9ffddeb78b4e,295,absher_app,Saudi Arabia
2025-12-09T17:33:53.784884Z,Faisal993,212.138.223.139,Riyadh,Mac,Mozilla/5.0 (Macintosh; Intel Mac OS X 10_15_7) AppleWebKit/537.36,login,Authentication,success,6f689149,a7e8ce67-1bc6-4664-a5e0-fd75bc3146ca,286,absher_web,Saudi Arabia
2025-12-09T17:34:11.784884Z,Faisal993,212.138.49.133,Riyadh,Mac,Mozilla/5.0 (Macintosh; Intel Mac OS X 10_15_7) AppleWebKit/537.36,access,View Profile,success,6f689149,10dd617a-0394-4fb5-8949-36dd9ed192cd,235,absher_web,Saudi Arabia
2025-12-09T17:34:12.784734Z,Hassan801,212.138.48.248,Riyadh,iPhone 14,Mozilla/5.0 (iPhone; CPU iPhone OS 17_0 like Mac OS X) AppleWebKit/605.1.15,access,Download Certificate,success,245930b5,748cf4b0-fbca-4eae-8c80-bb46c0ee867c,76,absher_app,Saudi Arabia
2025-12-09T17:34:54.784734Z,Hassan801,212.138.30.211,Riyadh,iPhone 14,Mozilla/5.0 (iPhone; CPU iPhone OS 17_0 like Mac OS X) AppleWebKit/605.1.15,access,View Appointments,success,245930b5,820ef3be-76be-4c0a-bd95-f1244b25961f,83,absher_app,Saudi Arabia
2025-12-09T17:35:40.784884Z,Faisal993,212.138.161.114,Riyadh,Mac,Mozilla/5.0 (Macintosh; Intel Mac OS X 10_15_7) AppleWebKit/537.36,access,View Appointments,success,6f689149,1c708add-0ffa-461e-a7dc-80f1dc17f188,439,absher_web,Saudi Arabia
2025-12-09T17:35:55.784734Z,Hassan801,212.138.19.148,Riyadh,iPhone 14,Mozilla/5.0 (iPhone; CPU iPhone OS 17_0 like Mac OS X) AppleWebKit/605.1.15,access,View Appointments,success,245930b5,c266742d-8ce9-482d-a36d-fbcfd5d6c390,372,absher_app,Saudi Arabia
2025-12-09T17:35:56.784884Z,Faisal993,212.138.69.141,Riyadh,Mac,Mozilla/5.0 (Macintosh; Intel Mac OS X 10_15_7) AppleWebKit/537.36,access,Check Passport Status,success,6f689149,2e362ff8-6e0a-42b5-8206-734124742137,117,absher_web,Saudi Arabia
2025-12-09T17:36:42.784884Z,Faisal993,212.138.226.179,Riyadh,Mac,Mozilla/5.0 (Macintosh; Intel Mac OS X 10_15_7) AppleWebKit/537.36,access,View Appointments,success,6f689149,6daa0bac-4b15-4bfe-823a-fa3f5673c5ce,298,absher_web,Saudi Arabia
2025-12-09T17:37:07.784884Z,Faisal993,212.138.250.162,Riyadh,Mac,Mozilla/5.0 (Macintosh; Intel Mac OS X 10_15_7) AppleWebKit/537.36,access,View Profile,success,6f689149,39085c77-2f11-4601-862f-d1a10c577a11,361,absher_web,Saudi Arabia
2025-12-09T17:37:32.784734Z,Hassan801,212.138.39.39,Riyadh,iPhone 14,Mozilla/5.0 (iPhone; CPU iPhone OS 17_0 like Mac OS X) AppleWebKit/605.1.15,access,View Profile,success,245930b5,1d5fa3d0-88cc-4680-a988-401690ea58a2,465,absher_app,Saudi Arabia
2025-12-09T17:38:54.784734Z,Hassan801,212.138.22.64,Riyadh,iPhone 14,Mozilla/5.0 (iPhone; CPU iPhone OS 17_0 like Mac OS X) AppleWebKit/605.1.15,access,View Dependents,success,245930b5,76897be9-853c-441e-bf01-27b50749238a,110,absher_app,Saudi Arabia
2025-12-09T17:38:59.784884Z,Faisal993,212.138.182.41,Riyadh,Mac,Mozilla/5.0 (Macintosh; Intel Mac OS X 10_15_7) AppleWebKit/537.36,access,Check Passport Status,success,6f689149,13810cd2-7f46-49d6-8ac6-d253b79bd157,209,absher_web,Saudi Arabia
